{
    "minimum_required": "v4.0.0",
    "stage_name": "tough_12-03",
    "actions": [
        {
            "type": "SpeedUp"
        },
        {
            "type": "Deploy",
            "name": "蜜莓",
            "location": [
                5,
                1
            ],
            "direction": "Down"
        },
        {
            "type": "Deploy",
            "name": "山",
            "location": [
                9,
                3
            ],
            "direction": "Down"
        },
        {
            "type": "Deploy",
            "name": "银灰",
            "location": [
                1,
                3
            ],
            "direction": "Down"
        },
        {
            "type": "Deploy",
            "name": "奶盾",
            "location": [
                9,
                2
            ],
            "direction": "Down"
        },
        {
            "type": "Deploy",
            "name": "塞雷娅",
            "location": [
                1,
                2
            ],
            "direction": "Right"
        },
        {
            "type": "SkillDaemon",
            "doc": "给个好评吧 宝贝",
            "doc_color": "#d63384"
        }
    ],
    "doc": {
        "title": "主线十二章 惊霆无声 12-4（磨难） 萧然攻略 自改",
        "details": "统计日期：2024-06-01\n好评率：95.61%  浏览量：2781\n来源：yukung  ID：28692\n这是磨难难度 普通难度地图不一样 别用磨难的打普通\n攻略作者：萧然Q BV1oL411m7bL 记得去b站给萧然宝贝点赞三连\njson作者：鱼丸 有问题请联系qq2877734958\nmaa问题就别联系了 臭写作业的真不懂maa（）\n平均练度 2603 银灰不用专精\n已测试 测试人筱竹聽雨 maa还没更新地图 更新地图才能用"
    },
    "groups": [
        {
            "name": "奶盾",
            "opers": [
                {
                    "name": "瑕光",
                    "skill": 1,
                    "skill_usage": 0
                }
            ]
        }
    ],
    "opers": [
        {
            "name": "山",
            "skill": 2,
            "skill_usage": 2
        },
        {
            "name": "塞雷娅",
            "skill": 1,
            "skill_usage": 0
        },
        {
            "name": "蜜莓",
            "skill": 1,
            "skill_usage": 0
        },
        {
            "name": "银灰",
            "skill": 2,
            "skill_usage": 2
        }
    ]
}