{
    "minimum_required": "v4.0.0",
    "stage_name": "hard_12-03",
    "actions": [
        {
            "type": "SpeedUp"
        },
        {
            "type": "Deploy",
            "name": "山",
            "location": [
                4,
                3
            ],
            "direction": "Down"
        },
        {
            "type": "Deploy",
            "name": "蜜莓",
            "location": [
                5,
                4
            ],
            "direction": "Right"
        },
        {
            "type": "Deploy",
            "name": "元素奶",
            "location": [
                5,
                6
            ],
            "direction": "Up"
        },
        {
            "type": "Deploy",
            "name": "夜莺",
            "location": [
                7,
                5
            ],
            "direction": "Left"
        },
        {
            "type": "Deploy",
            "name": "煌",
            "location": [
                8,
                6
            ],
            "direction": "Right"
        },
        {
            "type": "Deploy",
            "name": "玛恩纳",
            "location": [
                3,
                4
            ],
            "direction": "Right",
            "costs": 15
        },
        {
            "type": "Deploy",
            "name": "黍",
            "location": [
                4,
                5
            ],
            "direction": "Right"
        },
        {
            "type": "Deploy",
            "name": "星熊",
            "location": [
                6,
                3
            ],
            "direction": "Down"
        },
        {
            "type": "Skill",
            "name": "玛恩纳",
            "location": [
                3,
                4
            ],
            "costs": 5
        },
        {
            "type": "SkillUsage",
            "name": "玛恩纳",
            "skill_usage": 1
        },
        {
            "type": "Deploy",
            "name": "流明",
            "location": [
                5,
                1
            ],
            "direction": "Down"
        },
        {
            "type": "Deploy",
            "name": "白面鸮",
            "location": [
                8,
                3
            ],
            "direction": "Left"
        },
        {
            "type": "SkillDaemon"
        }
    ],
    "doc": {
        "title": "（自用换奶）H12-3萧然挂机作业（最新能用），蜜莓桑葚换位置",
        "details": "作业更新日期: 2024-04-09T04:22:39Z\n统计更新日期: 2024-06-28\n好评率：95.83%  浏览量：1027\n来源：Libershifu@163.com  ID：35806\n萧然挂机作业，高练度要求\n特别注意：使用adb操作的请不要使用此作业，maa操作跟不上的\n测试2603可用\n备注：之前的作业玛恩纳都不会释放技能，此作业已修复该bug\n10-8更新修复了放不了元素奶的bug"
    },
    "groups": [
        {
            "name": "元素奶",
            "opers": [
                {
                    "name": "桑葚",
                    "skill": 1,
                    "skill_usage": 0
                },
                {
                    "name": "纯烬艾雅法拉",
                    "skill": 1,
                    "skill_usage": 0
                }
            ]
        }
    ],
    "opers": [
        {
            "name": "煌",
            "skill": 2,
            "skill_usage": 0
        },
        {
            "name": "山",
            "skill": 2,
            "skill_usage": 2
        },
        {
            "name": "玛恩纳",
            "skill": 3,
            "skill_usage": 0
        },
        {
            "name": "星熊",
            "skill": 2,
            "skill_usage": 0
        },
        {
            "name": "流明",
            "skill": 3,
            "skill_usage": 1
        },
        {
            "name": "夜莺",
            "skill": 2,
            "skill_usage": 0
        },
        {
            "name": "白面鸮",
            "skill": 2,
            "skill_usage": 1
        },
        {
            "name": "蜜莓",
            "skill": 1,
            "skill_usage": 0
        },
        {
            "name": "黍",
            "skill": 1,
            "skill_usage": 0
        }
    ]
}