{
    "minimum_required": "v4.0.0",
    "stage_name": "tough_13-14",
    "actions": [
        {
            "type": "SpeedUp"
        },
        {
            "type": "Deploy",
            "name": "桃金娘",
            "location": [
                9,
                3
            ],
            "direction": "Left"
        },
        {
            "type": "Deploy",
            "name": "山",
            "location": [
                7,
                3
            ],
            "direction": "Left"
        },
        {
            "type": "Deploy",
            "name": "煌",
            "location": [
                8,
                3
            ],
            "direction": "Left"
        },
        {
            "type": "Deploy",
            "name": "艾雅法拉",
            "location": [
                7,
                4
            ],
            "direction": "Left"
        },
        {
            "type": "Deploy",
            "name": "澄闪或小刻",
            "location": [
                3,
                3
            ],
            "direction": "Left"
        },
        {
            "type": "Deploy",
            "name": "伊芙利特",
            "location": [
                6,
                5
            ],
            "direction": "Left"
        },
        {
            "type": "SkillUsage",
            "name": "桃金娘",
            "skill_usage": 0
        },
        {
            "type": "SkillDaemon",
            "doc": "有帮助的话 给个好评吧~",
            "doc_color": "#d63384"
        }
    ],
    "doc": {
        "title": "主线十三章 恶兆湍流 13-16（磨难） 萧然攻略（小刻替换澄闪）",
        "details": "统计日期：2024-06-01\n好评率：97.1%  浏览量：1217\n来源：雪雪见璃  ID：28885\n这是磨难难度 普通难度地图不一样 别用磨难的打普通\n攻略作者：萧然Q BV1Hw411A7iG 记得去b站给萧然Q点赞三连\n改自json作者：鱼丸 修改作者：雪见璃  评论区不解决maa问题\n已测试\n平均练度2603"
    },
    "groups": [
        {
            "name": "澄闪或小刻",
            "opers": [
                {
                    "name": "澄闪",
                    "skill": 2,
                    "skill_usage": 0
                },
                {
                    "name": "刻俄柏",
                    "skill": 2,
                    "skill_usage": 1
                }
            ]
        }
    ],
    "opers": [
        {
            "name": "煌",
            "skill": 2,
            "skill_usage": 0
        },
        {
            "name": "桃金娘",
            "skill": 1,
            "skill_usage": 1
        },
        {
            "name": "伊芙利特",
            "skill": 2,
            "skill_usage": 0
        },
        {
            "name": "艾雅法拉",
            "skill": 2,
            "skill_usage": 0
        },
        {
            "name": "山",
            "skill": 2,
            "skill_usage": 2
        }
    ]
}