{
    "minimum_required": "v4.0.0",
    "stage_name": "tough_13-19",
    "actions": [
        {
            "type": "SpeedUp"
        },
        {
            "type": "Deploy",
            "name": "桃金娘",
            "location": [
                9,
                3
            ],
            "direction": "Left"
        },
        {
            "type": "Deploy",
            "name": "浊心斯卡蒂",
            "location": [
                7,
                6
            ],
            "direction": "Left"
        },
        {
            "type": "Deploy",
            "name": "山",
            "location": [
                7,
                3
            ],
            "direction": "Left"
        },
        {
            "type": "Deploy",
            "name": "纯烬艾雅法拉",
            "location": [
                5,
                6
            ],
            "direction": "Up"
        },
        {
            "type": "Deploy",
            "name": "塞雷娅",
            "location": [
                7,
                5
            ],
            "direction": "Left"
        },
        {
            "type": "Deploy",
            "name": "法师",
            "location": [
                7,
                4
            ],
            "direction": "Left"
        },
        {
            "type": "Deploy",
            "name": "伊芙利特",
            "location": [
                6,
                6
            ],
            "direction": "Up"
        },
        {
            "type": "Deploy",
            "name": "煌",
            "location": [
                8,
                5
            ],
            "direction": "Left"
        },
        {
            "type": "Skill",
            "name": "炸弹载荷点",
            "location": [
                10,
                3
            ],
            "costs": 10
        },
        {
            "type": "SkillUsage",
            "name": "桃金娘",
            "skill_usage": 0
        },
        {
            "type": "Retreat",
            "name": "桃金娘",
            "location": [
                9,
                3
            ],
            "pre_delay": 12000
        },
        {
            "type": "Deploy",
            "name": "玛恩纳",
            "location": [
                5,
                3
            ],
            "direction": "Down"
        },
        {
            "type": "SkillDaemon",
            "doc": "有帮助的话 给个好评吧~",
            "doc_color": "#d63384"
        }
    ],
    "doc": {
        "title": "主线十三章 恶兆湍流 13-21（磨难） 萧然攻略 （叔叔替换水月）",
        "details": "统计日期：2024-06-01\n好评率：90.86%  浏览量：4019\n来源：没有提丰攻略组  ID：28913\n这是磨难难度 普通难度地图不一样 别用磨难的打普通\n攻略作者：萧然Q BV1Hw411A7iG 记得去b站给萧然Q点赞三连\n原json作者：鱼丸  评论区不解决maa问题\n平均练度2903 需要干员替换自己动动手"
    },
    "groups": [
        {
            "name": "法师",
            "opers": [
                {
                    "name": "澄闪",
                    "skill": 2,
                    "skill_usage": 0
                },
                {
                    "name": "艾雅法拉",
                    "skill": 2,
                    "skill_usage": 0
                }
            ]
        }
    ],
    "opers": [
        {
            "name": "桃金娘",
            "skill": 1,
            "skill_usage": 1
        },
        {
            "name": "山",
            "skill": 2,
            "skill_usage": 2
        },
        {
            "name": "煌",
            "skill": 2,
            "skill_usage": 0
        },
        {
            "name": "纯烬艾雅法拉",
            "skill": 1,
            "skill_usage": 0
        },
        {
            "name": "浊心斯卡蒂",
            "skill": 2,
            "skill_usage": 0
        },
        {
            "name": "塞雷娅",
            "skill": 1,
            "skill_usage": 0
        },
        {
            "name": "伊芙利特",
            "skill": 2,
            "skill_usage": 0
        },
        {
            "name": "玛恩纳",
            "skill": 3,
            "skill_usage": 1
        }
    ]
}