{
    "minimum_required": "v4.0.0",
    "stage_name": "tough_13-19",
    "actions": [
        {
            "type": "SpeedUp"
        },
        {
            "type": "Deploy",
            "name": "桃金娘",
            "location": [
                9,
                3
            ],
            "direction": "Left"
        },
        {
            "type": "Deploy",
            "name": "重岳",
            "location": [
                7,
                3
            ],
            "direction": "Left"
        },
        {
            "type": "Deploy",
            "name": "夜莺",
            "location": [
                8,
                2
            ],
            "direction": "Down"
        },
        {
            "type": "Deploy",
            "name": "流明",
            "location": [
                9,
                2
            ],
            "direction": "Down"
        },
        {
            "type": "Deploy",
            "name": "重装",
            "location": [
                8,
                5
            ],
            "direction": "Left"
        },
        {
            "type": "Deploy",
            "name": "煌",
            "location": [
                9,
                5
            ],
            "direction": "Left"
        },
        {
            "type": "Deploy",
            "name": "澄闪",
            "location": [
                7,
                4
            ],
            "direction": "Left",
            "costs": 35
        },
        {
            "type": "Retreat",
            "name": "桃金娘",
            "location": [
                9,
                3
            ],
            "costs": 20
        },
        {
            "type": "Deploy",
            "name": "号角",
            "location": [
                9,
                3
            ],
            "direction": "Left"
        },
        {
            "type": "Deploy",
            "name": "山",
            "location": [
                7,
                5
            ],
            "direction": "Right",
            "kills": 22,
            "pre_delay": 4000
        },
        {
            "type": "Skill",
            "kills": 27,
            "pre_delay": 15000,
            "location": [
                10,
                3
            ]
        },
        {
            "type": "Skill",
            "location": [
                10,
                3
            ],
            "kills": 27,
            "pre_delay": 90000
        },
        {
            "type": "Skill",
            "location": [
                10,
                5
            ],
            "kills": 27,
            "pre_delay": 30000,
            "name": "桃金娘"
        },
        {
            "type": "SkillDaemon"
        }
    ],
    "doc": {
        "title": "主线十三章 恶兆湍流 13-21（磨难） 萧然攻略 需要手调大哥技能",
        "details": "统计日期：2024-06-01\n好评率：93.75%  浏览量：2687\n来源：1355022207@qq.com  ID：36948\n这是磨难难度 普通难度地图不一样 别用磨难的打普通\n\n攻略作者：萧然Q BV1Hw411A7iG 记得去b站给萧然Q点赞三连\n\njson作者：022.评论区不解决maa问题\n\n已测试 挂机时间好像有点久 \n\n平均练度2603 需要干员替换自己动动手"
    },
    "groups": [
        {
            "name": "重装",
            "opers": [
                {
                    "name": "星熊",
                    "skill": 2,
                    "skill_usage": 0
                }
            ]
        }
    ],
    "opers": [
        {
            "name": "桃金娘",
            "skill": 1,
            "skill_usage": 1
        },
        {
            "name": "重岳",
            "skill": 3,
            "skill_usage": 1
        },
        {
            "name": "号角",
            "skill": 1,
            "skill_usage": 0
        },
        {
            "name": "夜莺",
            "skill": 2,
            "skill_usage": 0
        },
        {
            "name": "煌",
            "skill": 2,
            "skill_usage": 0
        },
        {
            "name": "艾雅法拉",
            "skill": 2,
            "skill_usage": 0
        },
        {
            "name": "德克萨斯",
            "skill": 1,
            "skill_usage": 0
        },
        {
            "name": "流明",
            "skill": 3,
            "skill_usage": 1
        },
        {
            "name": "山",
            "skill": 2,
            "skill_usage": 2,
            "skill_times": 1
        },
        {
            "name": "澄闪",
            "skill": 2,
            "skill_usage": 0
        }
    ]
}