{
    "minimum_required": "v4.0.0",
    "stage_name": "hard_13-03",
    "actions": [
        {
            "type": "Deploy",
            "name": "桃金娘",
            "location": [
                9,
                2
            ],
            "direction": "Left"
        },
        {
            "type": "Deploy",
            "name": "浊心斯卡蒂",
            "location": [
                10,
                3
            ],
            "direction": "Left"
        },
        {
            "type": "Deploy",
            "name": "塞雷娅",
            "location": [
                9,
                4
            ],
            "direction": "Left"
        },
        {
            "type": "SpeedUp"
        },
        {
            "type": "Deploy",
            "name": "史尔特尔",
            "location": [
                6,
                1
            ],
            "direction": "Left"
        },
        {
            "type": "Skill",
            "name": "史尔特尔",
            "location": [
                6,
                1
            ],
            "costs": 10
        },
        {
            "type": "Skill",
            "location": [
                6,
                2
            ]
        },
        {
            "type": "Deploy",
            "name": "艾雅法拉",
            "location": [
                8,
                3
            ],
            "direction": "Down"
        },
        {
            "type": "Deploy",
            "name": "伊芙利特",
            "location": [
                10,
                5
            ],
            "direction": "Left"
        },
        {
            "type": "Deploy",
            "name": "正义骑士号",
            "location": [
                4,
                2
            ],
            "direction": "Left"
        },
        {
            "type": "Deploy",
            "name": "山",
            "location": [
                9,
                1
            ],
            "direction": "Left"
        },
        {
            "type": "Retreat",
            "name": "正义骑士号",
            "pre_delay": 3000
        },
        {
            "type": "Deploy",
            "name": "玛恩纳",
            "location": [
                9,
                3
            ],
            "direction": "Left"
        },
        {
            "type": "Deploy",
            "name": "夜莺",
            "location": [
                10,
                4
            ],
            "direction": "Left"
        },
        {
            "type": "Skill",
            "location": [
                1,
                2
            ],
            "kills": 5,
            "pre_delay": 5000
        },
        {
            "type": "Retreat",
            "name": "桃金娘",
            "costs": 58
        },
        {
            "type": "Deploy",
            "name": "史尔特尔",
            "location": [
                1,
                5
            ],
            "direction": "Right",
            "pre_delay": 3000
        },
        {
            "type": "Skill",
            "name": "史尔特尔",
            "pre_delay": 2000,
            "location": [
                1,
                5
            ]
        },
        {
            "type": "Skill",
            "location": [
                1,
                4
            ]
        },
        {
            "type": "Retreat",
            "name": "史尔特尔",
            "pre_delay": 7000
        },
        {
            "type": "Skill",
            "name": "玛恩纳",
            "pre_delay": 8000
        },
        {
            "type": "Skill",
            "location": [
                1,
                4
            ],
            "pre_delay": 25000
        },
        {
            "type": "Deploy",
            "name": "桃金娘",
            "location": [
                1,
                5
            ],
            "direction": "Right"
        },
        {
            "type": "SkillUsage",
            "name": "桃金娘",
            "skill_usage": 0
        },
        {
            "type": "Retreat",
            "name": "桃金娘",
            "pre_delay": 10000
        },
        {
            "type": "Deploy",
            "name": "史尔特尔",
            "location": [
                3,
                5
            ],
            "direction": "Right"
        },
        {
            "type": "Skill",
            "name": "史尔特尔",
            "location": [
                3,
                5
            ],
            "pre_delay": 2000
        },
        {
            "type": "Skill",
            "name": "玛恩纳",
            "pre_delay": 8000
        },
        {
            "type": "Deploy",
            "location": [
                10,
                2
            ],
            "name": "纯烬艾雅法拉",
            "direction": "Down"
        },
        {
            "type": "Skill",
            "location": [
                1,
                4
            ],
            "kills": 21
        },
        {
            "type": "Deploy",
            "name": "桃金娘",
            "location": [
                1,
                5
            ],
            "direction": "Right"
        },
        {
            "type": "Deploy",
            "name": "正义骑士号",
            "location": [
                4,
                4
            ],
            "direction": "Down"
        },
        {
            "type": "Skill",
            "name": "玛恩纳",
            "pre_delay": 9000
        },
        {
            "type": "Retreat",
            "name": "桃金娘",
            "pre_delay": 5000
        },
        {
            "type": "Deploy",
            "name": "史尔特尔",
            "location": [
                9,
                5
            ],
            "direction": "Up"
        },
        {
            "type": "Skill",
            "name": "史尔特尔",
            "location": [
                9,
                5
            ],
            "pre_delay": 2000
        },
        {
            "type": "SkillUsage",
            "name": "玛恩纳",
            "skill_usage": 1
        },
        {
            "type": "SkillDaemon"
        }
    ],
    "doc": {
        "title": "第十三章 恶兆湍流 - H13-3（标准） - 湍流行动-3",
        "details": "统计日期：2024-06-01\n好评率：89.63%  浏览量：17694\n来源：萨拉托加  ID：29078\n塞雷娅Y模，加了纯艾应该不能那么容易暴毙了，不行再带个年\n【【明日方舟】湍流行动H13-3摆完半自动挂机，简单好抄】 https://www.bilibili.com/video/BV1GG41127DB/?share_source=copy_web&vd_source=3fd5040fe25f6a00e19e6072bcccfa4e"
    },
    "groups": [],
    "opers": [
        {
            "name": "桃金娘",
            "skill": 1,
            "skill_usage": 1
        },
        {
            "name": "史尔特尔",
            "skill": 3,
            "skill_usage": 0
        },
        {
            "name": "艾雅法拉",
            "skill": 2,
            "skill_usage": 0
        },
        {
            "name": "塞雷娅",
            "skill": 1,
            "skill_usage": 0
        },
        {
            "name": "夜莺",
            "skill": 2,
            "skill_usage": 0
        },
        {
            "name": "玛恩纳",
            "skill": 3,
            "skill_usage": 0
        },
        {
            "name": "正义骑士号",
            "skill": 1,
            "skill_usage": 0
        },
        {
            "name": "浊心斯卡蒂",
            "skill": 2,
            "skill_usage": 0
        },
        {
            "name": "伊芙利特",
            "skill": 2,
            "skill_usage": 0
        },
        {
            "name": "山",
            "skill": 2,
            "skill_usage": 2
        },
        {
            "name": "纯烬艾雅法拉",
            "skill": 1,
            "skill_usage": 0
        }
    ]
}