{
    "id": "20295",
    "copilot_id": 20295,
    "stage_name": "hard_08-01",
    "uploader": "时雨冰川",
    "uploader_id": "63da0b47fb8943674a419ad2",
    "views": 40,
    "hot_score": 2,
    "difficulty": 0,
    "minimum_required": "v4.0.0",
    "opers": [
        {
            "name": "推进之王",
            "skill": 2,
            "skill_usage": 0,
            "requirements": {
                "elite": 0,
                "level": 0,
                "skill_level": 0,
                "module": 0,
                "potentiality": 0
            }
        },
        {
            "name": "棘刺",
            "skill": 3,
            "skill_usage": 1,
            "requirements": {
                "elite": 0,
                "level": 0,
                "skill_level": 0,
                "module": 0,
                "potentiality": 0
            }
        },
        {
            "name": "塞雷娅",
            "skill": 1,
            "skill_usage": 0,
            "requirements": {
                "elite": 0,
                "level": 0,
                "skill_level": 0,
                "module": 0,
                "potentiality": 0
            }
        },
        {
            "name": "浊心斯卡蒂",
            "skill": 2,
            "skill_usage": 0,
            "requirements": {
                "elite": 0,
                "level": 0,
                "skill_level": 0,
                "module": 0,
                "potentiality": 0
            }
        },
        {
            "name": "能天使",
            "skill": 3,
            "skill_usage": 0,
            "requirements": {
                "elite": 0,
                "level": 0,
                "skill_level": 0,
                "module": 0,
                "potentiality": 0
            }
        },
        {
            "name": "艾雅法拉",
            "skill": 2,
            "skill_usage": 0,
            "requirements": {
                "elite": 0,
                "level": 0,
                "skill_level": 0,
                "module": 0,
                "potentiality": 0
            }
        },
        {
            "name": "提丰",
            "skill": 2,
            "skill_usage": 1,
            "requirements": {
                "elite": 0,
                "level": 0,
                "skill_level": 0,
                "module": 0,
                "potentiality": 0
            }
        }
    ],
    "groups": [],
    "actions": [
        {
            "type": "Deploy",
            "kills": 0,
            "costs": 13,
            "cost_changes": 0,
            "cooling": -1,
            "name": "推进之王",
            "location": [
                2,
                4
            ],
            "direction": "Left",
            "skill_usage": 0,
            "pre_delay": 0,
            "post_delay": 0,
            "timeout": 0,
            "doc": "",
            "doc_color": "Gray"
        },
        {
            "type": "Deploy",
            "kills": 0,
            "costs": 23,
            "cost_changes": 0,
            "cooling": 0,
            "name": "棘刺",
            "location": [
                4,
                4
            ],
            "direction": "Up",
            "skill_usage": 0,
            "pre_delay": 0,
            "post_delay": 0,
            "timeout": 0,
            "doc": ""
        },
        {
            "type": "Deploy",
            "kills": 0,
            "costs": 23,
            "cost_changes": 0,
            "cooling": -1,
            "name": "塞雷娅",
            "location": [
                5,
                3
            ],
            "direction": "Left",
            "skill_usage": 0,
            "pre_delay": 0,
            "post_delay": 0,
            "timeout": 0,
            "doc": "",
            "doc_color": "Gray"
        },
        {
            "type": "Deploy",
            "kills": 0,
            "costs": 9,
            "cost_changes": 0,
            "cooling": -1,
            "name": "浊心斯卡蒂",
            "location": [
                5,
                5
            ],
            "direction": "Left",
            "skill_usage": 0,
            "pre_delay": 0,
            "post_delay": 0,
            "timeout": 0,
            "doc": "",
            "doc_color": "Gray"
        },
        {
            "type": "Deploy",
            "kills": 0,
            "costs": 21,
            "cost_changes": 0,
            "cooling": 0,
            "name": "提丰",
            "location": [
                9,
                1
            ],
            "direction": "Down",
            "skill_usage": 0,
            "pre_delay": 0,
            "post_delay": 0,
            "timeout": 0,
            "doc": ""
        },
        {
            "type": "Deploy",
            "kills": 0,
            "costs": 21,
            "cost_changes": 0,
            "cooling": -1,
            "name": "艾雅法拉",
            "location": [
                5,
                2
            ],
            "direction": "Right",
            "skill_usage": 0,
            "pre_delay": 0,
            "post_delay": 0,
            "timeout": 0,
            "doc": "",
            "doc_color": "Gray"
        },
        {
            "type": "Deploy",
            "kills": 0,
            "costs": 14,
            "cost_changes": 0,
            "cooling": 0,
            "name": "能天使",
            "location": [
                4,
                5
            ],
            "direction": "Right",
            "skill_usage": 0,
            "pre_delay": 0,
            "post_delay": 0,
            "timeout": 0,
            "doc": "",
            "doc_color": "Gray"
        },
        {
            "type": "SkillDaemon"
        }
    ],
    "doc": {
        "title": "第八章 怒号光明 - H8-1 - 狂夜行动-1 自用修改",
        "title_color": "Gray",
        "details": "统计日期：2024-06-01\n好评率：88.1%  浏览量：1713\n来源：N0rth1rn北方  ID：24983\n【【明日方舟】h8-1摆完挂机（附字幕解析）】 https://www.bilibili.com/video/BV1CK4y1X7rL/?share_source=copy_web&vd_source=aba1223c3340001983fcc314b9b87d27",
        "details_color": "Gray"
    },
    "first_upload_time": 1675866365751,
    "upload_time": 1675921895801,
    "content": null
}