{
    "minimum_required": "v4.0.0",
    "stage_name": "main_08-09",
    "actions": [
        {
            "type": "SpeedUp"
        },
        {
            "type": "Deploy",
            "name": "煌",
            "location": [
                3,
                6
            ],
            "direction": "Up"
        },
        {
            "type": "Deploy",
            "name": "浊心斯卡蒂",
            "location": [
                1,
                5
            ],
            "direction": "Right"
        },
        {
            "type": "Deploy",
            "name": "能天使",
            "location": [
                3,
                5
            ],
            "direction": "Up"
        },
        {
            "type": "Deploy",
            "name": "速狙",
            "location": [
                2,
                5
            ],
            "direction": "Up"
        },
        {
            "type": "Deploy",
            "name": "奶全图",
            "location": [
                1,
                6
            ],
            "direction": "Right"
        },
        {
            "type": "Deploy",
            "name": "近战位远程",
            "location": [
                1,
                2
            ],
            "direction": "Right"
        },
        {
            "type": "Deploy",
            "name": "地刺",
            "location": [
                7,
                1
            ],
            "direction": "Right",
            "kills": 27
        },
        {
            "type": "Deploy",
            "name": "星熊",
            "location": [
                8,
                2
            ],
            "direction": "Up"
        },
        {
            "type": "Deploy",
            "name": "奶",
            "location": [
                8,
                5
            ],
            "direction": "Up"
        },
        {
            "type": "SkillDaemon"
        }
    ],
    "doc": {
        "title": "第八章 怒号光明 - M8-6 - 再见，只为再见突袭",
        "details": "统计日期：2024-06-01\n好评率：97.44%  浏览量：3517\n来源：萨拉托加  ID：28239\n参考视频【【明日方舟】M8-6突袭摆完挂机（红蒂版）】 https://www.bilibili.com/video/BV1aq4y1X7Eb/?share_source=copy_web&vd_source=3fd5040fe25f6a00e19e6072bcccfa4e up侬无言以对\n六星平均精二60级，下面干员组里的速狙，奶，奶全图，地刺不需要专精，其他能专三就专三"
    },
    "groups": [
        {
            "name": "奶全图",
            "opers": [
                {
                    "name": "安洁莉娜",
                    "skill": 1,
                    "skill_usage": 0
                },
                {
                    "name": "调香师",
                    "skill": 2,
                    "skill_usage": 1
                }
            ]
        },
        {
            "name": "近战位远程",
            "opers": [
                {
                    "name": "拉普兰德",
                    "skill": 2,
                    "skill_usage": 0
                },
                {
                    "name": "号角",
                    "skill": 1,
                    "skill_usage": 0
                },
                {
                    "name": "棘刺",
                    "skill": 3,
                    "skill_usage": 1
                }
            ]
        },
        {
            "name": "奶",
            "opers": [
                {
                    "name": "闪灵",
                    "skill": 2,
                    "skill_usage": 0
                },
                {
                    "name": "纯烬艾雅法拉",
                    "skill": 1,
                    "skill_usage": 0
                }
            ]
        },
        {
            "name": "速狙",
            "opers": [
                {
                    "name": "蓝毒",
                    "skill": 1,
                    "skill_usage": 0
                },
                {
                    "name": "空弦",
                    "skill": 1,
                    "skill_usage": 0
                }
            ]
        },
        {
            "name": "地刺",
            "opers": [
                {
                    "name": "狮蝎",
                    "skill": 1,
                    "skill_usage": 0
                },
                {
                    "name": "水月",
                    "skill": 1,
                    "skill_usage": 0
                }
            ]
        }
    ],
    "opers": [
        {
            "name": "浊心斯卡蒂",
            "skill": 2,
            "skill_usage": 0
        },
        {
            "name": "星熊",
            "skill": 2,
            "skill_usage": 0
        },
        {
            "name": "能天使",
            "skill": 3,
            "skill_usage": 0
        },
        {
            "name": "煌",
            "skill": 2,
            "skill_usage": 0
        }
    ],
    "difficulty": 2
}