{
    "minimum_required": "v4.0.0",
    "stage_name": "main_08-09",
    "actions": [
        {
            "type": "Deploy",
            "name": "棘刺",
            "location": [
                7,
                6
            ],
            "direction": "Right"
        },
        {
            "type": "SpeedUp"
        },
        {
            "type": "Deploy",
            "name": "号角",
            "location": [
                1,
                2
            ],
            "direction": "Right"
        },
        {
            "type": "Deploy",
            "name": "菲亚梅塔",
            "location": [
                8,
                5
            ],
            "direction": "Up"
        },
        {
            "type": "Deploy",
            "name": "白面鸮",
            "location": [
                9,
                5
            ],
            "direction": "Left"
        },
        {
            "type": "Deploy",
            "name": "山",
            "location": [
                9,
                4
            ],
            "direction": "Right"
        },
        {
            "type": "Skill",
            "name": "迷迭香",
            "location": [
                1,
                3
            ],
            "kills": 57
        },
        {
            "type": "SkillDaemon"
        }
    ],
    "doc": {
        "title": "第八章 怒号光明 - M8-6 - 再见，只为再见 - 普通(不含隐藏)&突袭",
        "details": "统计日期：2024-06-01\n好评率：92.19%  浏览量：2204\n来源：_ 蘿卜卜  ID：22401\nBV1rR4y1R7Nx\nup：微子醺\n视频练度：260(?)  肥鸭290(?)\n已测试"
    },
    "groups": [],
    "opers": [
        {
            "name": "号角",
            "skill": 1,
            "skill_usage": 0
        },
        {
            "name": "菲亚梅塔",
            "skill": 3,
            "skill_usage": 2
        },
        {
            "name": "白面鸮",
            "skill": 2,
            "skill_usage": 0
        },
        {
            "name": "山",
            "skill": 2,
            "skill_usage": 2
        },
        {
            "name": "棘刺",
            "skill": 3,
            "skill_usage": 1
        }
    ],
    "difficulty": 3
}