{
    "minimum_required": "v4.0.0",
    "stage_name": "main_08-13",
    "actions": [
        {
            "type": "Deploy",
            "name": "桃金娘",
            "location": [
                9,
                5
            ],
            "direction": "Left"
        },
        {
            "type": "BulletTime",
            "name": "桃金娘",
            "location": [
                9,
                5
            ],
            "pre_delay": 8000
        },
        {
            "type": "Skill",
            "name": "桃金娘",
            "location": [
                9,
                5
            ]
        },
        {
            "type": "Deploy",
            "name": "煌",
            "location": [
                7,
                3
            ],
            "direction": "Left"
        },
        {
            "type": "SpeedUp"
        },
        {
            "type": "Deploy",
            "name": "纯烬艾雅法拉",
            "location": [
                6,
                6
            ],
            "direction": "Up"
        },
        {
            "type": "Deploy",
            "name": "能天使",
            "location": [
                8,
                1
            ],
            "direction": "Down"
        },
        {
            "type": "Deploy",
            "name": "伊芙利特",
            "location": [
                4,
                6
            ],
            "direction": "Up",
            "costs": 99,
            "kills": 29
        },
        {
            "type": "Deploy",
            "name": "银灰",
            "location": [
                3,
                5
            ],
            "direction": "Up"
        },
        {
            "type": "Deploy",
            "name": "塞雷娅",
            "location": [
                3,
                4
            ],
            "direction": "Up"
        },
        {
            "type": "Deploy",
            "name": "星熊",
            "location": [
                3,
                3
            ],
            "direction": "Left"
        },
        {
            "type": "SkillDaemon"
        }
    ],
    "doc": {
        "title": "第八章 怒号光明 - R8-11  突袭",
        "details": "作业更新日期: 2023-09-27T22:51:02Z\n统计更新日期: 2024-07-31\n好评率：80.49%  浏览量：1137\n来源：UesugiHoshiya  ID：28428\n功课姬，https://www.bilibili.com/video/BV1VU4y1G7xp/?p=2\n用上了真银斩来清场，这样塔露拉的血量不会那么极限\n干员修改自用"
    },
    "groups": [],
    "opers": [
        {
            "name": "煌",
            "skill": 2,
            "skill_usage": 0
        },
        {
            "name": "银灰",
            "skill": 3,
            "skill_usage": 1
        },
        {
            "name": "纯烬艾雅法拉",
            "skill": 1,
            "skill_usage": 0
        },
        {
            "name": "能天使",
            "skill": 3,
            "skill_usage": 0
        },
        {
            "name": "塞雷娅",
            "skill": 1,
            "skill_usage": 0
        },
        {
            "name": "桃金娘",
            "skill": 1,
            "skill_usage": 2
        },
        {
            "name": "伊芙利特",
            "skill": 2,
            "skill_usage": 0
        },
        {
            "name": "星熊",
            "skill": 2,
            "skill_usage": 0
        }
    ],
    "difficulty": 2
}