{
    "minimum_required": "v4.0.0",
    "stage_name": "main_08-10",
    "actions": [
        {
            "type": "SpeedUp"
        },
        {
            "type": "Deploy",
            "name": "桃金娘",
            "location": [
                10,
                4
            ],
            "direction": "Down"
        },
        {
            "type": "Deploy",
            "name": "先锋",
            "location": [
                9,
                5
            ],
            "direction": "Left"
        },
        {
            "type": "Deploy",
            "name": "狙击",
            "location": [
                7,
                4
            ],
            "direction": "Up"
        },
        {
            "type": "Deploy",
            "name": "艾雅法拉",
            "location": [
                3,
                2
            ],
            "direction": "Up",
            "costs": 42
        },
        {
            "type": "Deploy",
            "name": "奶盾",
            "location": [
                3,
                1
            ],
            "direction": "Left"
        },
        {
            "type": "Deploy",
            "name": "拉普兰德",
            "location": [
                10,
                5
            ],
            "direction": "Left"
        },
        {
            "type": "Deploy",
            "name": "群奶",
            "location": [
                9,
                4
            ],
            "direction": "Left"
        }
    ],
    "doc": {
        "title": "第八章 怒号光明 - R8-9 - 相逢，总是离别",
        "details": "作业更新日期: 2024-05-22T01:53:37Z\n统计更新日期: 2024-07-31\n好评率：95.24%  浏览量：1178\n来源：Chiho  ID：27292\nUP:侬无言以对\nlink:【【明日方舟】R8-9突袭摆完挂机】 https://www.bilibili.com/video/BV1Jb4y1r7KL/?share_source=copy_web&vd_source=dcc7ddeba31e59bccd51d29a07ff1565\n平均精二60"
    },
    "groups": [
        {
            "name": "群奶",
            "opers": [
                {
                    "name": "夜莺",
                    "skill": 2,
                    "skill_usage": 0
                },
                {
                    "name": "调香师",
                    "skill": 1,
                    "skill_usage": 0
                },
                {
                    "name": "白面鸮",
                    "skill": 2,
                    "skill_usage": 0
                }
            ]
        },
        {
            "name": "奶盾",
            "opers": [
                {
                    "name": "临光",
                    "skill": 1,
                    "skill_usage": 0
                },
                {
                    "name": "塞雷娅",
                    "skill": 1,
                    "skill_usage": 0
                }
            ]
        },
        {
            "name": "先锋",
            "opers": [
                {
                    "name": "山",
                    "skill": 2,
                    "skill_usage": 2
                },
                {
                    "name": "推进之王",
                    "skill": 2,
                    "skill_usage": 0
                }
            ]
        },
        {
            "name": "狙击",
            "opers": [
                {
                    "name": "维什戴尔",
                    "skill": 3,
                    "skill_usage": 1
                },
                {
                    "name": "蓝毒",
                    "skill": 1,
                    "skill_usage": 0
                }
            ]
        }
    ],
    "opers": [
        {
            "name": "艾雅法拉",
            "skill": 2,
            "skill_usage": 0
        },
        {
            "name": "拉普兰德",
            "skill": 2,
            "skill_usage": 0
        },
        {
            "name": "桃金娘",
            "skill": 1,
            "skill_usage": 1
        }
    ],
    "difficulty": 3
}