{
    "minimum_required": "v4.0.0",
    "stage_name": "main_00-10",
    "actions": [
        {
            "type": "SpeedUp"
        },
        {
            "type": "Deploy",
            "name": "山",
            "location": [
                9,
                5
            ],
            "direction": "Left"
        },
        {
            "type": "Deploy",
            "name": "能天使",
            "location": [
                9,
                4
            ],
            "direction": "Left"
        }
    ],
    "doc": {
        "title": "序章 黑暗时代·上 - 0-10 - 困境",
        "details": "作业更新日期: 2024-05-16T02:47:11Z\n统计更新日期: 2024-07-31\n好评率：100.0%  浏览量：33\n来源：Chiho  ID：37708\n精二603"
    },
    "groups": [],
    "opers": [
        {
            "skill_times": 1,
            "name": "山",
            "skill": 2,
            "skill_usage": 2
        },
        {
            "name": "能天使",
            "skill": 1,
            "skill_usage": 0
        }
    ],
    "difficulty": 3
}