{
    "minimum_required": "v4.0.0",
    "stage_name": "main_00-11",
    "actions": [
        {
            "type": "Deploy",
            "name": "逻各斯",
            "location": [
                8,
                4
            ],
            "direction": "Left"
        },
        {
            "type": "SpeedUp"
        }
    ],
    "doc": {
        "title": "序章 黑暗时代·上 - 0-11 - 突围",
        "details": "作业更新日期: 2024-05-16T02:53:33Z\n统计更新日期: 2024-07-31\n好评率：50.0%  浏览量：42\n来源：Chiho  ID：37710\n序章 黑暗时代·上 - 0-11 - 突围"
    },
    "groups": [],
    "opers": [
        {
            "name": "逻各斯",
            "skill": 1,
            "skill_usage": 0
        }
    ],
    "difficulty": 3
}