{
    "minimum_required": "v4.0.0",
    "stage_name": "main_00-11",
    "actions": [
        {
            "type": "Deploy",
            "name": "克洛丝",
            "location": [
                8,
                4
            ],
            "direction": "Left"
        },
        {
            "type": "SpeedUp"
        },
        {
            "type": "Deploy",
            "name": "令",
            "location": [
                6,
                6
            ],
            "direction": "Up"
        },
        {
            "type": "Deploy",
            "name": "“弦惊”",
            "location": [
                7,
                4
            ],
            "direction": "Left"
        },
        {
            "type": "Deploy",
            "name": "“弦惊”",
            "location": [
                7,
                5
            ],
            "direction": "Up"
        }
    ],
    "doc": {
        "title": "序章 黑暗时代·上 - 0-11 - 突围",
        "details": "统计日期：2024-06-01\n好评率：75.0%  浏览量：97\n来源：肥波那猫  ID：24813\n序章 黑暗时代·上 - 0-11 - 突围"
    },
    "groups": [],
    "opers": [
        {
            "name": "克洛丝",
            "skill": 1,
            "skill_usage": 0
        },
        {
            "name": "令",
            "skill": 3,
            "skill_usage": 0
        }
    ],
    "difficulty": 2
}