{
    "minimum_required": "v4.0.0",
    "stage_name": "main_00-04",
    "actions": [
        {
            "type": "SpeedUp"
        },
        {
            "type": "Deploy",
            "name": "令",
            "location": [
                5,
                1
            ],
            "direction": "Down"
        },
        {
            "type": "Deploy",
            "name": "“弦惊”",
            "location": [
                5,
                2
            ],
            "direction": "Left"
        }
    ],
    "doc": {
        "title": "序章 黑暗时代·上 - 0-4 - 混战",
        "details": "作业更新日期: 2023-07-22T06:02:53Z\n统计更新日期: 2024-07-31\n好评率：50.0%  浏览量：80\n来源：肥波那猫  ID：24804\n作业b站樱井井井井井井\n制作者b站肥波那猫"
    },
    "groups": [],
    "opers": [
        {
            "name": "令",
            "skill": 3,
            "skill_usage": 0
        }
    ],
    "difficulty": 2
}