{
    "minimum_required": "v4.0.0",
    "stage_name": "main_00-04",
    "actions": [
        {
            "type": "SpeedUp"
        },
        {
            "type": "Deploy",
            "name": "逻各斯",
            "location": [
                8,
                2
            ],
            "direction": "Down"
        }
    ],
    "doc": {
        "title": "序章 黑暗时代·上 - 0-4 - 混战",
        "details": "作业更新日期: 2024-05-16T02:26:36Z\n统计更新日期: 2024-06-28\n好评率：100.0%  浏览量：22\n来源：Chiho  ID：37700\n精二603"
    },
    "groups": [],
    "opers": [
        {
            "name": "逻各斯",
            "skill": 1,
            "skill_usage": 0
        }
    ],
    "difficulty": 3
}