{
    "minimum_required": "v4.0.0",
    "stage_name": "main_00-05",
    "actions": [
        {
            "type": "SpeedUp"
        },
        {
            "type": "Deploy",
            "name": "桃金娘",
            "location": [
                8,
                2
            ],
            "direction": "Left"
        },
        {
            "type": "Deploy",
            "name": "令",
            "location": [
                7,
                1
            ],
            "direction": "Down"
        },
        {
            "type": "Retreat",
            "name": "桃金娘",
            "location": [
                8,
                2
            ],
            "kills": 4
        },
        {
            "type": "Deploy",
            "name": "“弦惊”",
            "location": [
                8,
                2
            ],
            "direction": "Left"
        }
    ],
    "doc": {
        "title": "序章 黑暗时代·上 - 0-5 - 腐化",
        "details": "统计日期：2024-06-01\n好评率：100.0%  浏览量：57\n来源：肥波那猫  ID：24805\n作业b站樱井井井井井井\n制作者b站肥波那猫"
    },
    "groups": [],
    "opers": [
        {
            "name": "桃金娘",
            "skill": 1,
            "skill_usage": 0
        },
        {
            "name": "令",
            "skill": 3,
            "skill_usage": 0
        }
    ],
    "difficulty": 2
}