{
    "minimum_required": "v4.0.0",
    "stage_name": "main_00-09#f#",
    "actions": [
        {
            "type": "Output",
            "doc_color": "DarkRed",
            "doc": "如果关卡内有剧情，请在maa尝试暂停的操作停止后手动跳过！！！"
        },
        {
            "type": "Output",
            "doc_color": "DarkGoldenrod",
            "doc": "如果关卡内有剧情，请在maa尝试暂停的操作停止后手动跳过！！！"
        },
        {
            "type": "Output",
            "doc_color": "Gold",
            "doc": "如果关卡内有剧情，请在maa尝试暂停的操作停止后手动跳过！！！"
        },
        {
            "type": "Output",
            "doc_color": "DarkCyan",
            "doc": "如果你没有缓存干员头像，请携带本次作战的所有干员再打一次上一关！！！"
        },
        {
            "type": "Output",
            "doc_color": "DeepSkyBlue",
            "doc": "如果你没有缓存干员头像，请携带本次作战的所有干员再打一次上一关！！！"
        },
        {
            "type": "Output",
            "doc_color": "SpringGreen",
            "doc": "如果你没有缓存干员头像，请携带本次作战的所有干员再打一次上一关！！！"
        },
        {
            "type": "SpeedUp",
            "pre_delay": 5000,
            "doc": ""
        },
        {
            "type": "Deploy",
            "name": "先锋",
            "location": [
                6,
                3
            ],
            "direction": "Left"
        },
        {
            "type": "Deploy",
            "name": "翎羽",
            "location": [
                5,
                2
            ],
            "direction": "Down"
        },
        {
            "type": "Deploy",
            "name": "芙蓉",
            "location": [
                6,
                2
            ],
            "direction": "Down"
        },
        {
            "type": "Deploy",
            "name": "黑角",
            "location": [
                5,
                3
            ],
            "direction": "Right"
        },
        {
            "type": "Deploy",
            "name": "12F",
            "location": [
                5,
                5
            ],
            "direction": "Up"
        },
        {
            "type": "Deploy",
            "name": "杰西卡",
            "location": [
                4,
                3
            ],
            "direction": "Left"
        },
        {
            "type": "Deploy",
            "name": "阿米娅",
            "location": [
                5,
                1
            ],
            "direction": "Down"
        },
        {
            "type": "Deploy",
            "name": "安德切尔",
            "location": [
                6,
                1
            ],
            "direction": "Left"
        },
        {
            "type": "Deploy",
            "name": "巡林者",
            "location": [
                6,
                5
            ],
            "direction": "Left"
        }
    ],
    "doc": {
        "title": "序章 黑暗时代·上 - 0-9 - 临光",
        "details": "统计日期：2024-05-25\n好评率：90.91%  浏览量：247\n来源：yc.exe  ID：22274\n如果关卡内有剧情，请在maa尝试暂停的操作停止后手动跳过！！！\n如果你没有缓存干员头像，请携带本次作战的所有干员再打一次上一关！！！\n（干员全精英0，1级）\nyc.exe"
    },
    "groups": [
        {
            "name": "先锋",
            "opers": [
                {
                    "name": "夜刀",
                    "skill": 1,
                    "skill_usage": 0
                },
                {
                    "name": "芬",
                    "skill": 1,
                    "skill_usage": 0
                }
            ]
        }
    ],
    "opers": [
        {
            "name": "阿米娅",
            "skill": 1,
            "skill_usage": 0
        },
        {
            "name": "黑角",
            "skill": 1,
            "skill_usage": 0
        },
        {
            "name": "巡林者",
            "skill": 1,
            "skill_usage": 0
        },
        {
            "name": "芙蓉",
            "skill": 1,
            "skill_usage": 0
        },
        {
            "name": "安德切尔",
            "skill": 1,
            "skill_usage": 0
        },
        {
            "name": "杰西卡",
            "skill": 1,
            "skill_usage": 0
        },
        {
            "name": "翎羽",
            "skill": 1,
            "skill_usage": 0
        },
        {
            "name": "杜林",
            "skill": 1,
            "skill_usage": 0
        },
        {
            "name": "12F",
            "skill": 1,
            "skill_usage": 0
        }
    ],
    "difficulty": 3
}