{
    "minimum_required": "v4.0.0",
    "stage_name": "main_08-06",
    "actions": [
        {
            "type": "SpeedUp"
        },
        {
            "type": "Deploy",
            "name": "煌",
            "location": [
                7,
                3
            ],
            "direction": "Left"
        },
        {
            "type": "Deploy",
            "name": "夜莺",
            "location": [
                6,
                4
            ],
            "direction": "Left",
            "costs": 25
        },
        {
            "type": "Deploy",
            "name": "假日威龙陈",
            "location": [
                4,
                4
            ],
            "direction": "Down"
        },
        {
            "type": "Deploy",
            "name": "塞雷娅",
            "location": [
                6,
                3
            ],
            "direction": "Left"
        },
        {
            "type": "Retreat",
            "name": "塞雷娅",
            "kills": 67
        }
    ],
    "doc": {
        "title": "第八章 怒号光明 - R8-6 - 战场，蔓延不止",
        "details": "统计日期：2024-06-01\n好评率：94.87%  浏览量：2251\n来源：Shigure  ID：21937\nBV1b341177PU 作者：祈星_Estrellayc"
    },
    "groups": [],
    "opers": [
        {
            "name": "塞雷娅",
            "skill": 1,
            "skill_usage": 0
        },
        {
            "name": "煌",
            "skill": 2,
            "skill_usage": 0
        },
        {
            "name": "假日威龙陈",
            "skill": 3,
            "skill_usage": 1
        },
        {
            "name": "夜莺",
            "skill": 2,
            "skill_usage": 0
        }
    ],
    "difficulty": 3
}