{
    "minimum_required": "v4.0.0",
    "stage_name": "tough_14-04",
    "actions": [
        {
            "type": "SpeedUp"
        },
        {
            "type": "Deploy",
            "name": "塞雷娅",
            "location": [
                1,
                5
            ],
            "direction": "Right"
        },
        {
            "type": "Deploy",
            "name": "闪灵",
            "location": [
                2,
                3
            ],
            "direction": "Down"
        },
        {
            "type": "Deploy",
            "name": "塑心",
            "location": [
                3,
                5
            ],
            "direction": "Left"
        }
    ],
    "doc": {
        "title": "第十四章 慈悲灯塔 - 14-5（磨难） - 探查岩洞区域",
        "details": "统计日期：2024-06-01\n好评率：98.57%  浏览量：9633\n来源：Dr_MO  ID：36686\n第十四章 慈悲灯塔 - 14-5（磨难） - 探查岩洞区域"
    },
    "groups": [],
    "opers": [
        {
            "name": "塞雷娅",
            "skill": 1,
            "skill_usage": 0
        },
        {
            "name": "闪灵",
            "skill": 2,
            "skill_usage": 0
        },
        {
            "name": "塑心",
            "skill": 1,
            "skill_usage": 0
        }
    ]
}