{
    "minimum_required": "v4.0.0",
    "stage_name": "tough_14-05",
    "actions": [
        {
            "type": "SpeedUp"
        },
        {
            "type": "Deploy",
            "name": "山",
            "location": [
                7,
                5
            ],
            "direction": "Left"
        },
        {
            "type": "Deploy",
            "name": "伊芙利特",
            "location": [
                1,
                4
            ],
            "direction": "Up"
        }
    ],
    "doc": {
        "title": "第十四章 慈悲灯塔 - 14-6（磨难） - 确认交战视界",
        "details": "统计日期：2024-06-01\n好评率：97.53%  浏览量：8444\n来源：Dr_MO  ID：36687\n第十四章 慈悲灯塔 - 14-6（磨难） - 确认交战视界"
    },
    "groups": [],
    "opers": [
        {
            "name": "山",
            "skill": 2,
            "skill_usage": 2,
            "skill_times": 1
        },
        {
            "name": "伊芙利特",
            "skill": 2,
            "skill_usage": 0
        }
    ]
}