{
    "minimum_required": "v4.0.0",
    "stage_name": "main_09-08",
    "actions": [
        {
            "type": "Deploy",
            "name": "推进之王",
            "location": [
                7,
                4
            ],
            "direction": "Left"
        },
        {
            "type": "SpeedUp"
        },
        {
            "type": "Deploy",
            "name": "拉普兰德",
            "location": [
                9,
                4
            ],
            "direction": "Left"
        },
        {
            "type": "Deploy",
            "name": "伊芙利特",
            "location": [
                10,
                4
            ],
            "direction": "Left"
        },
        {
            "type": "Deploy",
            "name": "艾雅法拉",
            "location": [
                8,
                3
            ],
            "direction": "Left"
        },
        {
            "type": "Deploy",
            "name": "爆破装置",
            "location": [
                2,
                3
            ],
            "direction": "Down"
        },
        {
            "type": "Deploy",
            "name": "塞雷娅",
            "location": [
                6,
                3
            ],
            "direction": "Right"
        },
        {
            "type": "Retreat",
            "name": "推进之王",
            "location": [
                7,
                4
            ],
            "kills": 27
        }
    ],
    "doc": {
        "title": "第九章 风暴瞭望 - 9-10（突袭）  优化不漏怪",
        "details": "统计日期：2024-06-01\n好评率：98.85%  浏览量：1748\n来源：Issuing2890  ID：24871\n攻略作者：萧然Q  https://www.bilibili.com/video/BV1QQ4y1r7Ni?p=10\n\n站内另外两个9-10突袭作业，按照BV1Ff4y1E7Tp堵红门，会在第一波就漏怪！\n"
    },
    "groups": [],
    "opers": [
        {
            "name": "塞雷娅",
            "skill": 2,
            "skill_usage": 0
        },
        {
            "name": "伊芙利特",
            "skill": 2,
            "skill_usage": 0
        },
        {
            "name": "拉普兰德",
            "skill": 2,
            "skill_usage": 0
        },
        {
            "name": "艾雅法拉",
            "skill": 2,
            "skill_usage": 0
        },
        {
            "name": "推进之王",
            "skill": 2,
            "skill_usage": 0
        }
    ],
    "difficulty": 2
}