{
    "minimum_required": "v4.0.0",
    "actions": [
        {
            "type": "SpeedUp"
        },
        {
            "type": "Deploy",
            "name": "塞雷娅",
            "location": [
                9,
                3
            ],
            "direction": "Left"
        },
        {
            "type": "Deploy",
            "name": "异客",
            "location": [
                9,
                4
            ],
            "direction": "Up"
        },
        {
            "type": "Output",
            "doc_color": "#6f42c1",
            "doc": "给个好评吧，亲~"
        }
    ],
    "doc": {
        "title": "异客模组摆完挂机-电磁调节器",
        "details": "统计日期：2024-06-01\n好评率：100.0%  浏览量：294\n来源：作业代传——有问题联系原作者  ID：20992\n侬无言以对模组任务摆完挂机合集:BV1wU4y177Qu\n3星通关主题曲2-2；必须编入非助战异客并上场，其他成员仅可编入先锋和重装干员\n筱竹聽雨"
    },
    "groups": [],
    "opers": [
        {
            "name": "塞雷娅",
            "skill": 1,
            "skill_usage": 0
        },
        {
            "name": "异客",
            "skill": 1,
            "skill_usage": 0
        }
    ],
    "stage_name": "main_02-02"
}