{
    "minimum_required": "v4.0.0",
    "stage_name": "main_02-09",
    "actions": [
        {
            "type": "SpeedUp"
        },
        {
            "type": "Deploy",
            "name": "芬",
            "location": [
                4,
                1
            ],
            "direction": "Left"
        },
        {
            "type": "Deploy",
            "name": "克洛丝",
            "location": [
                3,
                3
            ],
            "direction": "Left"
        },
        {
            "type": "Deploy",
            "name": "巡林者",
            "location": [
                4,
                2
            ],
            "direction": "Left"
        },
        {
            "type": "Deploy",
            "name": "黑角",
            "location": [
                4,
                5
            ],
            "direction": "Right"
        },
        {
            "type": "Deploy",
            "name": "速狙",
            "location": [
                7,
                3
            ],
            "direction": "Right"
        },
        {
            "type": "Deploy",
            "name": "史都华德",
            "location": [
                6,
                4
            ],
            "direction": "Right"
        },
        {
            "type": "Deploy",
            "name": "斑点",
            "location": [
                6,
                5
            ],
            "direction": "Right"
        },
        {
            "type": "Deploy",
            "name": "玫兰莎",
            "location": [
                6,
                1
            ],
            "direction": "Right"
        },
        {
            "type": "SkillDaemon"
        }
    ],
    "doc": {
        "title": "第二章 异卵同生 - 2-9 - 操作暗箱",
        "details": "统计日期：2024-06-01\n好评率：90.0%  浏览量：505\n来源：lssastar  ID：25090\nup:瓦姬Official"
    },
    "groups": [
        {
            "name": "速狙",
            "opers": [
                {
                    "name": "安德切尔",
                    "skill": 1,
                    "skill_usage": 0
                },
                {
                    "name": "能天使",
                    "skill": 1,
                    "skill_usage": 0
                },
                {
                    "name": "寒芒克洛丝",
                    "skill": 1,
                    "skill_usage": 0
                },
                {
                    "name": "梅",
                    "skill": 1,
                    "skill_usage": 0
                }
            ]
        }
    ],
    "opers": [
        {
            "name": "克洛丝",
            "skill": 1,
            "skill_usage": 0
        },
        {
            "name": "史都华德",
            "skill": 1,
            "skill_usage": 0
        },
        {
            "name": "斑点",
            "skill": 1,
            "skill_usage": 0
        },
        {
            "name": "黑角",
            "skill": 1,
            "skill_usage": 0
        },
        {
            "name": "芬",
            "skill": 1,
            "skill_usage": 0
        },
        {
            "name": "玫兰莎",
            "skill": 1,
            "skill_usage": 0
        },
        {
            "name": "巡林者",
            "skill": 1,
            "skill_usage": 0
        }
    ],
    "difficulty": 3
}