{
    "minimum_required": "v4.0.0",
    "stage_name": "sub_02-12",
    "actions": [
        {
            "type": "SpeedUp"
        },
        {
            "type": "Deploy",
            "name": "能天使",
            "location": [
                2,
                4
            ],
            "direction": "Right"
        },
        {
            "type": "Deploy",
            "name": "桃金娘",
            "location": [
                4,
                4
            ],
            "direction": "Up"
        },
        {
            "type": "Deploy",
            "name": "白金",
            "location": [
                6,
                2
            ],
            "direction": "Left"
        },
        {
            "type": "Deploy",
            "name": "讯使",
            "location": [
                5,
                1
            ],
            "direction": "Down"
        },
        {
            "type": "SkillDaemon"
        }
    ],
    "doc": {
        "title": "第二章 异卵同生 - S2-12 - 窒息-3",
        "details": "作业更新日期: 2023-02-20T09:53:46Z\n统计更新日期: 2024-07-31\n好评率：100.0%  浏览量：236\n来源：lxiang  ID：21115\nS2-12标准速刷固源岩"
    },
    "groups": [],
    "opers": [
        {
            "name": "能天使",
            "skill": 3,
            "skill_usage": 0
        },
        {
            "name": "白金",
            "skill": 2,
            "skill_usage": 0
        },
        {
            "name": "桃金娘",
            "skill": 1,
            "skill_usage": 2
        },
        {
            "name": "讯使",
            "skill": 1,
            "skill_usage": 0
        }
    ]
}