{
    "minimum_required": "v4.0.0",
    "stage_name": "S2-4",
    "actions": [
        {
            "type": "SpeedUp"
        },
        {
            "type": "Deploy",
            "name": "芬",
            "location": [
                4,
                6
            ],
            "direction": "Right"
        },
        {
            "type": "Deploy",
            "name": "障碍物",
            "location": [
                1,
                4
            ],
            "direction": "None"
        },
        {
            "type": "Deploy",
            "name": "障碍物",
            "location": [
                4,
                5
            ],
            "direction": "None"
        },
        {
            "type": "Deploy",
            "name": "障碍物",
            "location": [
                7,
                2
            ],
            "costs": 12,
            "direction": "None"
        },
        {
            "type": "Deploy",
            "name": "杜林",
            "location": [
                3,
                5
            ],
            "direction": "Up"
        },
        {
            "type": "Deploy",
            "name": "梓兰",
            "location": [
                6,
                4
            ],
            "direction": "Down"
        },
        {
            "type": "Deploy",
            "name": "阿米娅",
            "location": [
                5,
                5
            ],
            "costs": 18,
            "direction": "Right"
        },
        {
            "type": "Deploy",
            "name": "芙蓉",
            "location": [
                6,
                2
            ],
            "costs": 19,
            "direction": "Down"
        },
        {
            "type": "Deploy",
            "name": "安赛尔",
            "location": [
                2,
                2
            ],
            "costs": 18,
            "direction": "Down"
        },
        {
            "type": "Deploy",
            "name": "12F",
            "location": [
                2,
                4
            ],
            "direction": "Right"
        },
        {
            "type": "Deploy",
            "name": "炎熔",
            "location": [
                7,
                6
            ],
            "direction": "Left"
        },
        {
            "type": "Skill",
            "name": "安赛尔",
            "cost_changes": 33
        },
        {
            "type": "Skill",
            "name": "梓兰",
            "cost_changes": 11
        },
        {
            "type": "Skill",
            "name": "阿米娅",
            "cost_changes": 16
        },
        {
            "type": "Skill",
            "name": "炎熔"
        },
        {
            "type": "Deploy",
            "name": "黑角",
            "location": [
                4,
                6
            ],
            "cooling": 1,
            "direction": "Right"
        },
        {
            "type": "Deploy",
            "name": "卡缇",
            "location": [
                4,
                6
            ],
            "cooling": 2,
            "direction": "Right"
        },
        {
            "type": "Deploy",
            "name": "米格鲁",
            "location": [
                4,
                6
            ],
            "cooling": 3,
            "direction": "Right"
        }
    ],
    "doc": {
        "title": "第二章 异卵同生 - S2-4 - 封锁-2",
        "details": "作业更新日期: 2023-12-11T05:16:58Z\n统计更新日期: 2024-06-15\n好评率：50.0%  浏览量：271\n来源：小黑子的几脚  ID：30872\n练度0 改"
    },
    "groups": [],
    "opers": [
        {
            "name": "梓兰",
            "skill": 1,
            "skill_usage": 0
        },
        {
            "name": "芬",
            "skill": 1,
            "skill_usage": 0
        },
        {
            "name": "阿米娅",
            "skill": 1,
            "skill_usage": 0
        },
        {
            "name": "炎熔",
            "skill": 1,
            "skill_usage": 0
        },
        {
            "name": "安赛尔",
            "skill": 1,
            "skill_usage": 0
        },
        {
            "name": "卡缇",
            "skill": 1,
            "skill_usage": 0
        },
        {
            "name": "杜林",
            "skill": 1,
            "skill_usage": 0
        },
        {
            "name": "芙蓉",
            "skill": 1,
            "skill_usage": 0
        },
        {
            "name": "米格鲁",
            "skill": 1,
            "skill_usage": 0
        },
        {
            "name": "12F",
            "skill": 1,
            "skill_usage": 0
        },
        {
            "name": "黑角",
            "skill": 1,
            "skill_usage": 0
        }
    ],
    "difficulty": 0
}