{
    "minimum_required": "v4.0.0",
    "stage_name": "tough_10-09",
    "actions": [
        {
            "type": "SpeedUp"
        },
        {
            "type": "Deploy",
            "name": "德克萨斯",
            "location": [
                6,
                2
            ],
            "direction": "Left"
        },
        {
            "type": "Deploy",
            "name": "先锋",
            "location": [
                6,
                3
            ],
            "direction": "Left"
        },
        {
            "type": "Deploy",
            "name": "煌",
            "location": [
                5,
                2
            ],
            "direction": "Down"
        },
        {
            "type": "Deploy",
            "name": "群奶",
            "location": [
                6,
                1
            ],
            "direction": "Down"
        },
        {
            "type": "Deploy",
            "name": "伊芙利特",
            "location": [
                5,
                1
            ],
            "direction": "Down"
        },
        {
            "type": "SpeedUp",
            "costs": 22
        },
        {
            "type": "Retreat",
            "name": "德克萨斯",
            "location": [
                6,
                2
            ]
        },
        {
            "type": "Deploy",
            "name": "奶盾",
            "location": [
                6,
                2
            ],
            "direction": "Left"
        },
        {
            "type": "SpeedUp"
        }
    ],
    "doc": {
        "title": "第十章 破碎日冕 - 10-10（磨难） - 旧日之影",
        "details": "统计日期：2024-06-01\n好评率：98.73%  浏览量：4463\n来源：Chiho  ID：28205\nBV1GY411j72u\nup：萧然Q\n视频练度：260(?)\njson:_蘿卜卜\n添加下位替代"
    },
    "groups": [
        {
            "name": "先锋",
            "opers": [
                {
                    "name": "推进之王",
                    "skill": 2,
                    "skill_usage": 0
                },
                {
                    "name": "山",
                    "skill": 2,
                    "skill_usage": 2
                }
            ]
        },
        {
            "name": "群奶",
            "opers": [
                {
                    "name": "白面鸮",
                    "skill": 2,
                    "skill_usage": 1
                },
                {
                    "name": "夜莺",
                    "skill": 2,
                    "skill_usage": 0
                }
            ]
        },
        {
            "name": "奶盾",
            "opers": [
                {
                    "name": "临光",
                    "skill": 1,
                    "skill_usage": 0
                },
                {
                    "name": "塞雷娅",
                    "skill": 1,
                    "skill_usage": 0
                }
            ]
        }
    ],
    "opers": [
        {
            "name": "伊芙利特",
            "skill": 2,
            "skill_usage": 0
        },
        {
            "name": "煌",
            "skill": 2,
            "skill_usage": 0
        },
        {
            "name": "德克萨斯",
            "skill": 1,
            "skill_usage": 0
        }
    ]
}