{
    "minimum_required": "v4.0.0",
    "stage_name": "main_10-14",
    "actions": [
        {
            "type": "Deploy",
            "name": "桃金娘",
            "location": [
                2,
                5
            ],
            "direction": "Right"
        },
        {
            "type": "Deploy",
            "name": "极境",
            "location": [
                3,
                5
            ],
            "direction": "Right"
        },
        {
            "type": "Deploy",
            "name": "棘刺",
            "location": [
                8,
                5
            ],
            "direction": "Up"
        },
        {
            "type": "SpeedUp"
        },
        {
            "type": "Deploy",
            "name": "伊芙利特",
            "location": [
                3,
                4
            ],
            "direction": "Right"
        },
        {
            "type": "Deploy",
            "name": "澄闪",
            "location": [
                6,
                3
            ],
            "direction": "Right"
        },
        {
            "type": "Deploy",
            "name": "浊心斯卡蒂",
            "location": [
                6,
                5
            ],
            "direction": "Up"
        },
        {
            "type": "Deploy",
            "name": "山",
            "location": [
                4,
                5
            ],
            "direction": "Up"
        },
        {
            "type": "Deploy",
            "name": "艾雅法拉",
            "location": [
                5,
                5
            ],
            "direction": "Up"
        },
        {
            "type": "Retreat",
            "name": "桃金娘",
            "location": [
                2,
                5
            ],
            "costs": 28
        },
        {
            "type": "Deploy",
            "name": "号角",
            "location": [
                8,
                6
            ],
            "direction": "Up"
        },
        {
            "type": "Retreat",
            "name": "号角",
            "location": [
                8,
                6
            ]
        },
        {
            "type": "Deploy",
            "name": "白面鸮",
            "location": [
                6,
                6
            ],
            "direction": "Up"
        },
        {
            "type": "Retreat",
            "name": "极境",
            "location": [
                3,
                5
            ],
            "kills": 7
        },
        {
            "type": "Deploy",
            "name": "斯卡蒂的海嗣",
            "location": [
                4,
                4
            ],
            "kills": 7,
            "direction": "Right"
        },
        {
            "type": "Deploy",
            "name": "泥岩",
            "location": [
                1,
                6
            ],
            "direction": "Up"
        },
        {
            "type": "Deploy",
            "name": "斯卡蒂的海嗣",
            "location": [
                4,
                4
            ],
            "direction": "Right",
            "kills": 14
        },
        {
            "type": "Deploy",
            "name": "斯卡蒂的海嗣",
            "location": [
                4,
                4
            ],
            "direction": "Right",
            "kills": 24
        }
    ],
    "doc": {
        "title": "第十章 破碎日冕 - 10-16（标准） - 血刃高悬",
        "details": "统计日期：2024-06-01\n好评率：60.0%  浏览量：321\n来源：陸狗真可悲  ID：25180\n第十章 破碎日冕 - 10-16（标准） - 血刃高悬"
    },
    "groups": [],
    "opers": [
        {
            "name": "风笛",
            "skill": 3,
            "skill_usage": 1
        },
        {
            "name": "极境",
            "skill": 1,
            "skill_usage": 1
        },
        {
            "name": "桃金娘",
            "skill": 1,
            "skill_usage": 1
        },
        {
            "name": "山",
            "skill": 2,
            "skill_usage": 2
        },
        {
            "name": "棘刺",
            "skill": 3,
            "skill_usage": 1
        },
        {
            "name": "泥岩",
            "skill": 2,
            "skill_usage": 0
        },
        {
            "name": "伊芙利特",
            "skill": 2,
            "skill_usage": 0
        },
        {
            "name": "白面鸮",
            "skill": 2,
            "skill_usage": 1
        },
        {
            "name": "浊心斯卡蒂",
            "skill": 2,
            "skill_usage": 0
        },
        {
            "name": "澄闪",
            "skill": 2,
            "skill_usage": 0
        },
        {
            "name": "艾雅法拉",
            "skill": 2,
            "skill_usage": 0
        },
        {
            "name": "号角",
            "skill": 1,
            "skill_usage": 0
        }
    ]
}