{
    "minimum_required": "v4.0.0",
    "stage_name": "hard_10-03",
    "actions": [
        {
            "type": "Deploy",
            "name": "桃金娘",
            "location": [
                1,
                5
            ],
            "direction": "Up"
        },
        {
            "type": "SpeedUp"
        },
        {
            "type": "Deploy",
            "name": "棘刺",
            "location": [
                1,
                4
            ],
            "direction": "Up"
        },
        {
            "type": "Deploy",
            "name": "山",
            "location": [
                10,
                4
            ],
            "direction": "Down"
        },
        {
            "type": "Deploy",
            "name": "浊心斯卡蒂",
            "location": [
                11,
                4
            ],
            "direction": "Left"
        },
        {
            "type": "Deploy",
            "name": "艾雅法拉",
            "location": [
                9,
                4
            ],
            "direction": "Left"
        },
        {
            "type": "Deploy",
            "name": "史尔特尔",
            "location": [
                1,
                3
            ],
            "direction": "Up"
        },
        {
            "type": "Skill",
            "name": "史尔特尔",
            "kills": 7
        },
        {
            "type": "SkillUsage",
            "name": "史尔特尔",
            "skill_usage": 1
        },
        {
            "type": "Deploy",
            "name": "泥岩",
            "location": [
                1,
                1
            ],
            "kills": 15,
            "direction": "Right"
        },
        {
            "type": "Deploy",
            "name": "伊芙利特",
            "location": [
                11,
                5
            ],
            "direction": "Left"
        },
        {
            "type": "Deploy",
            "name": "菲亚梅塔",
            "location": [
                2,
                5
            ],
            "direction": "Up"
        },
        {
            "type": "Retreat",
            "name": "桃金娘"
        },
        {
            "type": "SkillUsage",
            "name": "桃金娘",
            "skill_usage": 0
        },
        {
            "type": "Deploy",
            "name": "夜莺",
            "location": [
                2,
                4
            ],
            "direction": "Up",
            "kills": 28
        },
        {
            "type": "Deploy",
            "name": "史尔特尔",
            "location": [
                5,
                3
            ],
            "direction": "Down"
        },
        {
            "type": "Retreat",
            "name": "史尔特尔",
            "kills": 42
        },
        {
            "type": "Deploy",
            "name": "斯卡蒂的海嗣",
            "location": [
                2,
                2
            ],
            "kills": 50,
            "direction": "None"
        },
        {
            "type": "Deploy",
            "name": "史尔特尔",
            "location": [
                10,
                5
            ],
            "direction": "Left"
        },
        {
            "type": "Retreat",
            "name": "艾雅法拉"
        },
        {
            "type": "Retreat",
            "name": "史尔特尔",
            "kills": 76
        },
        {
            "type": "Deploy",
            "name": "斯卡蒂的海嗣",
            "location": [
                2,
                2
            ],
            "kills": 88,
            "direction": "None"
        },
        {
            "type": "Deploy",
            "name": "桃金娘",
            "location": [
                2,
                1
            ],
            "direction": "Right",
            "pre_delay": 4000
        },
        {
            "type": "Deploy",
            "name": "塞雷娅",
            "location": [
                2,
                1
            ],
            "direction": "Right",
            "cooling": 2,
            "pre_delay": 100
        },
        {
            "type": "Deploy",
            "name": "艾雅法拉",
            "location": [
                9,
                4
            ],
            "direction": "Left"
        },
        {
            "type": "Deploy",
            "name": "桃金娘",
            "location": [
                2,
                1
            ],
            "direction": "Right",
            "kills": 89
        },
        {
            "type": "Skill",
            "name": "夜莺"
        },
        {
            "type": "Deploy",
            "name": "史尔特尔",
            "cooling": 2,
            "location": [
                2,
                1
            ],
            "direction": "Right"
        },
        {
            "type": "Deploy",
            "name": "斯卡蒂的海嗣",
            "location": [
                2,
                2
            ],
            "direction": "None"
        },
        {
            "type": "Deploy",
            "name": "塞雷娅",
            "location": [
                2,
                1
            ],
            "cooling": 3,
            "direction": "Right"
        }
    ],
    "doc": {
        "title": "第十章 破碎日冕 - H10-3（标准） - 日晕行动-3 不建议使用",
        "details": "统计日期：2024-06-01\n好评率：86.67%  浏览量：1232\n来源：一只摆烂的42  ID：22173\n！本作业操作较多，可能不稳定\n夜莺需X模组\n原视频W替换为2603三技能菲亚梅塔\n视频作者：萧然Q\nhttps://www.bilibili.com/video/BV1VY4y1Y7NA?p=3\n——————\n一只摆烂的42：\n修复原作业部分干员部署时机错误，\n修复原作业【斯卡蒂的海嗣】错误方向\n不建议使用该作业，测了好多次，每次轴都不一样\n或者在88杀左右停止MAA操作转为手动\n思路是让boss进了棘刺的攻击范围后，下干员阻挡boss，\n不要让泥岩被boss打，切换干员阻挡boss（42，桃金娘，塞雷娅），boss的伤害就不高了\n顺便开个夜莺技能，基本上就解决了，右路把艾雅法拉补上就不需要管了"
    },
    "groups": [],
    "opers": [
        {
            "name": "伊芙利特",
            "skill": 2,
            "skill_usage": 0
        },
        {
            "name": "泥岩",
            "skill": 2,
            "skill_usage": 0
        },
        {
            "name": "浊心斯卡蒂",
            "skill": 2,
            "skill_usage": 0
        },
        {
            "name": "山",
            "skill": 2,
            "skill_usage": 2
        },
        {
            "name": "史尔特尔",
            "skill": 3,
            "skill_usage": 0
        },
        {
            "name": "艾雅法拉",
            "skill": 2,
            "skill_usage": 0
        },
        {
            "name": "棘刺",
            "skill": 3,
            "skill_usage": 1
        },
        {
            "name": "夜莺",
            "skill": 3,
            "skill_usage": 0
        },
        {
            "name": "桃金娘",
            "skill": 1,
            "skill_usage": 1
        },
        {
            "name": "塞雷娅",
            "skill": 1,
            "skill_usage": 0
        },
        {
            "name": "菲亚梅塔",
            "skill": 3,
            "skill_usage": 2
        }
    ]
}