{
    "minimum_required": "v4.0.0",
    "stage_name": "tough_14-14",
    "actions": [
        {
            "type": "SpeedUp"
        },
        {
            "type": "SpeedUp",
            "costs": 18
        },
        {
            "type": "Deploy",
            "name": "史尔特尔",
            "location": [
                2,
                5
            ],
            "direction": "Up"
        },
        {
            "type": "BulletTime",
            "costs": 6,
            "name": "史尔特尔",
            "location": [
                2,
                5
            ]
        },
        {
            "type": "Skill",
            "costs": 7,
            "pre_delay": 1500,
            "name": "史尔特尔",
            "location": [
                2,
                5
            ]
        },
        {
            "type": "SpeedUp"
        },
        {
            "type": "Deploy",
            "name": "银灰",
            "location": [
                8,
                4
            ],
            "direction": "Right"
        },
        {
            "type": "Retreat",
            "name": "史尔特尔",
            "location": [
                2,
                5
            ],
            "kills": 8
        },
        {
            "type": "Deploy",
            "name": "玛恩纳",
            "location": [
                8,
                3
            ],
            "direction": "Right"
        },
        {
            "type": "SpeedUp"
        },
        {
            "type": "BulletTime",
            "name": "银灰",
            "location": [
                8,
                4
            ],
            "costs": 19
        },
        {
            "type": "Skill",
            "name": "银灰",
            "location": [
                8,
                4
            ],
            "costs": 21
        },
        {
            "type": "SpeedUp",
            "doc": ""
        },
        {
            "type": "Skill",
            "name": "玛恩纳",
            "location": [
                8,
                3
            ],
            "kills": 36
        },
        {
            "type": "Output",
            "doc_color": "#d63384",
            "doc": "如果觉得实用，请赏个好评吧~"
        }
    ],
    "doc": {
        "title": "【速刷全新装置】第十四章 慈悲灯塔 - 14-16（磨难）",
        "details": "统计日期：2024-06-01\n好评率：95.45%  浏览量：1286\n来源：Issuing2890  ID：36973\n柠檬味の小小猪，http://b23.tv/BV1di421C7F1\n重要提示：因为技能发动时间是根据当前费用来判断的，如果你的干员部署费用与我有所不同，请根据情况修改\n开启MaaTouch，史尔特尔2潜20费，银灰2潜19费，玛恩纳1潜12费测试通过\n可以过磨难难度，但如果要速刷建议选标准难度"
    },
    "groups": [],
    "opers": [
        {
            "name": "玛恩纳",
            "skill": 3,
            "skill_usage": 0
        },
        {
            "name": "史尔特尔",
            "skill": 3,
            "skill_usage": 0
        },
        {
            "name": "银灰",
            "skill": 3,
            "skill_usage": 0
        }
    ]
}