{
    "minimum_required": "v4.0.0",
    "stage_name": "tough_14-02",
    "actions": [
        {
            "type": "Deploy",
            "name": "煌",
            "location": [
                5,
                5
            ],
            "direction": "Left"
        },
        {
            "type": "SpeedUp"
        },
        {
            "type": "Deploy",
            "name": "奶盾",
            "location": [
                4,
                6
            ],
            "direction": "Up"
        },
        {
            "type": "Deploy",
            "name": "奶",
            "location": [
                6,
                6
            ],
            "direction": "Up"
        },
        {
            "type": "Deploy",
            "name": "枯朽祭坛",
            "location": [
                4,
                4
            ],
            "direction": "None"
        },
        {
            "type": "Deploy",
            "name": "艾雅法拉",
            "location": [
                6,
                4
            ],
            "direction": "Left"
        },
        {
            "type": "SkillDaemon"
        }
    ],
    "doc": {
        "title": "第十四章 慈悲灯塔 - 14-3（磨难） - 破解锤砧战术",
        "details": "统计日期：2024-06-01\n好评率：99.67%  浏览量：31305\n来源：萨拉托加  ID：36657\nJSON作者萨拉托加\n作业交流群545928846，如果作业有问题可以加群找我，评论区不能及时回复，还可以去群里蹲我的新作业"
    },
    "groups": [
        {
            "name": "奶",
            "opers": [
                {
                    "name": "闪灵",
                    "skill": 2,
                    "skill_usage": 0
                },
                {
                    "name": "纯烬艾雅法拉",
                    "skill": 1,
                    "skill_usage": 0
                }
            ]
        },
        {
            "name": "奶盾",
            "opers": [
                {
                    "name": "塞雷娅",
                    "skill": 1,
                    "skill_usage": 0
                },
                {
                    "name": "黍",
                    "skill": 1,
                    "skill_usage": 0
                }
            ]
        }
    ],
    "opers": [
        {
            "name": "煌",
            "skill": 2,
            "skill_usage": 0
        },
        {
            "name": "艾雅法拉",
            "skill": 2,
            "skill_usage": 0
        }
    ]
}