{
    "minimum_required": "v4.0.0",
    "stage_name": "tough_14-04",
    "actions": [
        {
            "type": "Deploy",
            "name": "艾雅法拉",
            "location": [
                4,
                5
            ],
            "direction": "Left"
        },
        {
            "type": "SpeedUp"
        },
        {
            "type": "Deploy",
            "name": "澄闪",
            "location": [
                2,
                5
            ],
            "direction": "Right"
        },
        {
            "type": "Deploy",
            "name": "山",
            "location": [
                2,
                2
            ],
            "direction": "Right"
        },
        {
            "type": "Deploy",
            "name": "梓兰",
            "location": [
                3,
                5
            ],
            "direction": "Right"
        },
        {
            "type": "SkillDaemon"
        }
    ],
    "doc": {
        "title": "第十四章 慈悲灯塔 - 14-5（磨难） - 探查岩洞区域",
        "details": "统计日期：2024-06-01\n好评率：99.35%  浏览量：26533\n来源：萨拉托加  ID：36696\n原作者萧然Q JSON作者萨拉托加\n作业交流群545928846，如果作业有问题可以加群找我，评论区不能及时回复，还可以去群里蹲我的新作业\n【【慈悲灯塔】磨难险地14章主线全关卡 摆完挂机 简单好抄】 https://www.bilibili.com/video/BV1at421c7NY/?p=5&share_source=copy_web&vd_source=3fd5040fe25f6a00e19e6072bcccfa4e"
    },
    "groups": [],
    "opers": [
        {
            "name": "艾雅法拉",
            "skill": 2,
            "skill_usage": 0
        },
        {
            "name": "梓兰",
            "skill": 1,
            "skill_usage": 0
        },
        {
            "skill_times": 1,
            "name": "山",
            "skill": 2,
            "skill_usage": 2
        },
        {
            "name": "澄闪",
            "skill": 2,
            "skill_usage": 0
        }
    ]
}