{
    "minimum_required": "v4.0.0",
    "stage_name": "main_09-01",
    "actions": [
        {
            "type": "SpeedUp"
        },
        {
            "type": "Deploy",
            "name": "百炼嘉维尔",
            "location": [
                3,
                3
            ],
            "direction": "Left"
        },
        {
            "type": "Deploy",
            "name": "棘刺",
            "location": [
                3,
                4
            ],
            "direction": "Left"
        },
        {
            "type": "Deploy",
            "name": "克洛丝",
            "location": [
                5,
                2
            ],
            "direction": "Down"
        },
        {
            "type": "SkillDaemon"
        }
    ],
    "doc": {
        "title": "百炼嘉维尔模组任务  9-2（标准）",
        "details": "统计日期：2024-06-01\n好评率：96.91%  浏览量：4251\n来源：xf22cn@qq.com  ID：25769\nUP:涂绘天菜  视频地址：https://www.bilibili.com/video/BV11X4y1j7tA/"
    },
    "groups": [],
    "opers": [
        {
            "name": "棘刺",
            "skill": 3,
            "skill_usage": 1
        },
        {
            "name": "克洛丝",
            "skill": 1,
            "skill_usage": 0
        },
        {
            "name": "百炼嘉维尔",
            "skill": 2,
            "skill_usage": 1
        }
    ]
}