{
    "minimum_required": "v4.0.0",
    "actions": [
        {
            "type": "SpeedUp"
        },
        {
            "type": "Deploy",
            "name": "煌",
            "location": [
                2,
                6
            ],
            "direction": "Right"
        },
        {
            "type": "Deploy",
            "name": "星熊",
            "location": [
                3,
                6
            ],
            "direction": "Right"
        },
        {
            "type": "Output",
            "doc_color": "#6f42c1",
            "doc": "给个好评吧，亲~"
        }
    ],
    "doc": {
        "title": "星熊模组摆完挂机-护身符",
        "details": "统计日期：2024-06-01\n好评率：97.9%  浏览量：3434\n来源：作业代传——有问题联系原作者  ID：20976\n侬无言以对模组任务摆完挂机合集:BV1wU4y177Qu\n3星通关主题曲6-4；必须编入非助战星熊并上场，其他成员不可编入重装干员\n筱竹聽雨"
    },
    "groups": [],
    "opers": [
        {
            "name": "煌",
            "skill": 2,
            "skill_usage": 0
        },
        {
            "name": "星熊",
            "skill": 2,
            "skill_usage": 0
        }
    ],
    "stage_name": "main_06-04"
}