{
    "minimum_required": "v4.0.0",
    "stage_name": "sub_06-1-1",
    "actions": [
        {
            "type": "SpeedUp"
        },
        {
            "type": "Deploy",
            "name": "能天使",
            "location": [
                4,
                6
            ],
            "direction": "Up"
        },
        {
            "type": "Deploy",
            "name": "煌",
            "location": [
                4,
                3
            ],
            "direction": "Down"
        },
        {
            "type": "Deploy",
            "name": "地面奶",
            "location": [
                5,
                4
            ],
            "direction": "Left"
        }
    ],
    "doc": {
        "title": "第六章 局部坏死 - S6-1 - 凝结-1",
        "details": "统计日期：2024-06-01\n好评率：95.65%  浏览量：654\n来源：Chiho  ID：26817\n原视频【【明日方舟】S6-1摆完挂机（替代思路）】 https://www.bilibili.com/video/BV1nu411f7B5/?share_source=copy_web&vd_source=dcc7ddeba31e59bccd51d29a07ff1565\n自用"
    },
    "groups": [
        {
            "name": "地面奶",
            "opers": [
                {
                    "name": "塞雷娅",
                    "skill": 1,
                    "skill_usage": 0
                },
                {
                    "name": "临光",
                    "skill": 1,
                    "skill_usage": 0
                }
            ]
        }
    ],
    "opers": [
        {
            "name": "能天使",
            "skill": 3,
            "skill_usage": 0
        },
        {
            "name": "煌",
            "skill": 2,
            "skill_usage": 0
        }
    ]
}