{
    "minimum_required": "v4.0.0",
    "stage_name": "S2-3",
    "actions": [
        {
            "type": "SpeedUp"
        },
        {
            "type": "Deploy",
            "name": "障碍物",
            "location": [
                7,
                2
            ]
        },
        {
            "type": "Deploy",
            "name": "障碍物",
            "location": [
                2,
                3
            ]
        },
        {
            "type": "Deploy",
            "name": "芬",
            "location": [
                7,
                3
            ],
            "direction": "Down"
        },
        {
            "type": "Deploy",
            "name": "障碍物",
            "location": [
                4,
                5
            ]
        },
        {
            "type": "Deploy",
            "name": "12F",
            "location": [
                5,
                5
            ],
            "direction": "Right"
        },
        {
            "type": "Deploy",
            "name": "炎熔",
            "location": [
                7,
                6
            ],
            "direction": "Left"
        },
        {
            "type": "Deploy",
            "name": "米格鲁",
            "location": [
                7,
                4
            ],
            "direction": "Down"
        },
        {
            "type": "Deploy",
            "name": "芙蓉",
            "location": [
                6,
                4
            ],
            "direction": "Down"
        },
        {
            "type": "Deploy",
            "name": "安赛尔",
            "location": [
                6,
                2
            ],
            "direction": "Down"
        },
        {
            "type": "Retreat",
            "name": "芬",
            "location": [
                7,
                3
            ]
        },
        {
            "type": "Skill",
            "name": "炎熔",
            "kills": 38
        },
        {
            "type": "Skill",
            "name": "米格鲁",
            "kills": 49
        },
        {
            "type": "Skill",
            "name": "芙蓉",
            "kills": 59
        },
        {
            "type": "Deploy",
            "name": "杜林",
            "location": [
                2,
                4
            ],
            "direction": "Down"
        },
        {
            "type": "Deploy",
            "name": "史都华德",
            "location": [
                3,
                5
            ],
            "direction": "Left"
        },
        {
            "type": "Retreat",
            "name": "米格鲁",
            "location": [
                7,
                4
            ],
            "kills": 70
        },
        {
            "type": "Retreat",
            "name": "障碍物",
            "location": [
                2,
                3
            ]
        },
        {
            "type": "Deploy",
            "name": "障碍物",
            "location": [
                5,
                3
            ],
            "pre_delay": 2000
        },
        {
            "type": "Deploy",
            "name": "芬",
            "location": [
                1,
                2
            ],
            "direction": "Down",
            "pre_delay": 5000
        },
        {
            "type": "Retreat",
            "name": "障碍物",
            "location": [
                5,
                3
            ],
            "pre_delay": 3000
        },
        {
            "type": "Deploy",
            "name": "障碍物",
            "location": [
                3,
                3
            ],
            "pre_delay": 1000
        },
        {
            "type": "Skill",
            "name": "炎熔",
            "pre_delay": 2000
        },
        {
            "type": "Retreat",
            "name": "障碍物",
            "location": [
                3,
                3
            ],
            "pre_delay": 7000
        },
        {
            "type": "Deploy",
            "name": "障碍物",
            "location": [
                5,
                3
            ],
            "pre_delay": 1000
        }
    ],
    "doc": {
        "title": "第二章 异卵同生 - S2-3 - 封锁-1",
        "details": "统计日期：2024-06-01\n好评率：77.78%  浏览量：319\n来源：聪明的刀客塔  ID：28952\n练度0"
    },
    "groups": [],
    "opers": [
        {
            "name": "史都华德",
            "skill": 1,
            "skill_usage": 0
        },
        {
            "name": "杜林",
            "skill": 1,
            "skill_usage": 0
        },
        {
            "name": "芬",
            "skill": 1,
            "skill_usage": 0
        },
        {
            "name": "炎熔",
            "skill": 1,
            "skill_usage": 0
        },
        {
            "name": "12F",
            "skill": 1,
            "skill_usage": 0
        },
        {
            "name": "芙蓉",
            "skill": 1,
            "skill_usage": 0
        },
        {
            "name": "安赛尔",
            "skill": 1,
            "skill_usage": 0
        },
        {
            "name": "米格鲁",
            "skill": 1,
            "skill_usage": 0
        }
    ],
    "difficulty": 1
}