{
    "minimum_required": "v4.0.0",
    "stage_name": "sub_02-06",
    "actions": [
        {
            "type": "SpeedUp"
        },
        {
            "type": "Deploy",
            "name": "山",
            "location": [
                9,
                2
            ],
            "direction": "Up"
        },
        {
            "type": "Deploy",
            "name": "煌",
            "location": [
                9,
                5
            ],
            "direction": "Left"
        }
    ],
    "doc": {
        "title": "第二章 异卵同生 - S2-6 - 术师-2",
        "details": "统计日期：2024-06-01\n好评率：100.0%  浏览量：18\n来源：一只摆烂的42  ID：37538\n自制高练挂机作业\n制作者：一只摆烂的42\n有问题联系QQ2586582719\n修改自用请删除我的QQ"
    },
    "groups": [],
    "opers": [
        {
            "skill_times": 1,
            "name": "山",
            "skill": 2,
            "skill_usage": 2
        },
        {
            "name": "煌",
            "skill": 2,
            "skill_usage": 0
        }
    ]
}