{
    "minimum_required": "v4.0.0",
    "stage_name": "sub_02-06",
    "actions": [
        {
            "type": "SpeedUp"
        },
        {
            "type": "Deploy",
            "name": "芬",
            "location": [
                6,
                1
            ],
            "direction": "Left"
        },
        {
            "type": "Deploy",
            "name": "翎羽",
            "location": [
                5,
                2
            ],
            "direction": "Up"
        },
        {
            "type": "Deploy",
            "name": "安德切尔",
            "location": [
                7,
                2
            ],
            "direction": "Left"
        },
        {
            "type": "Deploy",
            "name": "安赛尔",
            "location": [
                8,
                2
            ],
            "direction": "Left"
        },
        {
            "type": "Deploy",
            "name": "Lancet-2",
            "location": [
                6,
                3
            ],
            "direction": "Up"
        },
        {
            "type": "Deploy",
            "name": "克洛丝",
            "location": [
                7,
                4
            ],
            "direction": "Left"
        },
        {
            "type": "Deploy",
            "name": "米格鲁",
            "location": [
                6,
                5
            ],
            "direction": "Left"
        },
        {
            "type": "Deploy",
            "name": "玫兰莎",
            "location": [
                5,
                4
            ],
            "direction": "Down"
        },
        {
            "type": "Deploy",
            "name": "芙蓉",
            "location": [
                8,
                4
            ],
            "direction": "Left"
        },
        {
            "type": "Retreat",
            "name": "翎羽",
            "kills": 18
        },
        {
            "type": "Retreat",
            "name": "玫兰莎"
        },
        {
            "type": "Retreat",
            "name": "芬"
        },
        {
            "type": "Deploy",
            "name": "角峰",
            "location": [
                6,
                1
            ],
            "direction": "Left"
        },
        {
            "type": "Deploy",
            "name": "黑角",
            "location": [
                5,
                4
            ],
            "direction": "Down"
        },
        {
            "type": "Deploy",
            "name": "12F",
            "location": [
                4,
                2
            ],
            "direction": "Right"
        },
        {
            "type": "Deploy",
            "name": "玫兰莎",
            "location": [
                5,
                2
            ],
            "direction": "Up",
            "kills": 32
        },
        {
            "type": "Deploy",
            "name": "翎羽",
            "location": [
                5,
                4
            ],
            "direction": "Down"
        }
    ],
    "doc": {
        "title": "第二章 异卵同生 - S2-6 - 术师-2",
        "details": "作业更新日期: 2024-06-10T12:33:33Z\n统计更新日期: 2024-07-31\n好评率：100.0%  浏览量：32\n来源：晓丶梦丶仁  ID：38493\n【【明日方舟】【三星队一级】s2-6】 https://www.bilibili.com/video/BV1KJ411473g/?share_source=copy_web&vd_source=7daa71e9a5673ece62562961bfa02bb4"
    },
    "groups": [],
    "opers": [
        {
            "name": "安赛尔"
        },
        {
            "name": "芙蓉"
        },
        {
            "name": "Lancet-2"
        },
        {
            "name": "玫兰莎"
        },
        {
            "name": "安德切尔"
        },
        {
            "name": "克洛丝"
        },
        {
            "name": "黑角"
        },
        {
            "name": "翎羽"
        },
        {
            "name": "芬"
        },
        {
            "name": "12F"
        },
        {
            "name": "米格鲁"
        },
        {
            "name": "角峰",
            "skill": 1,
            "skill_usage": 0
        }
    ]
}