{
    "minimum_required": "v4.0.0",
    "stage_name": "sub_05-3-1",
    "actions": [
        {
            "type": "SpeedUp"
        },
        {
            "type": "Deploy",
            "costs": 30,
            "name": "泡普卡",
            "location": [
                4,
                4
            ],
            "direction": "Up"
        },
        {
            "type": "Deploy",
            "name": "斑点",
            "location": [
                5,
                4
            ],
            "direction": "Up",
            "costs": 15
        },
        {
            "type": "Deploy",
            "name": "安赛尔",
            "location": [
                3,
                4
            ],
            "direction": "Right"
        },
        {
            "type": "Skill",
            "name": "斑点",
            "location": [
                5,
                4
            ]
        },
        {
            "type": "Deploy",
            "name": "克洛丝",
            "location": [
                4,
                6
            ],
            "direction": "Left"
        },
        {
            "type": "Deploy",
            "name": "安德切尔",
            "location": [
                8,
                5
            ],
            "direction": "Right"
        },
        {
            "type": "Deploy",
            "name": "玫兰莎",
            "location": [
                10,
                5
            ],
            "direction": "Down",
            "kills": 9,
            "costs": 20
        },
        {
            "type": "Skill",
            "name": "泡普卡",
            "location": [
                4,
                4
            ],
            "kills": 13,
            "costs": 26
        },
        {
            "type": "Skill",
            "name": "安赛尔",
            "location": [
                3,
                4
            ],
            "kills": 14,
            "costs": 29
        },
        {
            "type": "Skill",
            "name": "安德切尔",
            "location": [
                8,
                5
            ],
            "kills": 19,
            "costs": 55
        },
        {
            "type": "Skill",
            "name": "玫兰莎",
            "location": [
                10,
                5
            ],
            "kills": 19,
            "costs": 58
        },
        {
            "type": "Skill",
            "name": "斑点",
            "location": [
                5,
                4
            ],
            "kills": 25,
            "costs": 74
        },
        {
            "type": "Skill",
            "name": "安德切尔",
            "location": [
                8,
                5
            ],
            "kills": 31,
            "rear_delay": 5500
        },
        {
            "type": "Skill",
            "name": "玫兰莎",
            "location": [
                10,
                5
            ]
        },
        {
            "type": "Skill",
            "name": "泡普卡",
            "location": [
                4,
                4
            ],
            "kills": 32,
            "rear_delay": 2400
        },
        {
            "type": "Skill",
            "name": "安赛尔",
            "location": [
                3,
                4
            ]
        },
        {
            "type": "Skill",
            "name": "斑点",
            "location": [
                5,
                4
            ],
            "kills": 38,
            "rear_delay": 3000
        },
        {
            "type": "Skill",
            "name": "泡普卡",
            "location": [
                4,
                4
            ],
            "kills": 44,
            "rear_delay": 2000
        },
        {
            "type": "Output"
        }
    ],
    "doc": {
        "title": "【苏咕咕】明日方舟 S5-5 攻略 简单 无脑 抄作业",
        "details": "统计日期：2024-06-01\n好评率：55.56%  浏览量：322\n来源：NyaNyaHua  ID：24639\n参考BV1rz411e7BX"
    },
    "groups": [],
    "opers": [
        {
            "name": "玫兰莎",
            "skill": 1,
            "skill_usage": 0
        },
        {
            "name": "泡普卡",
            "skill": 1,
            "skill_usage": 0
        },
        {
            "name": "克洛丝",
            "skill": 1,
            "skill_usage": 0
        },
        {
            "name": "安德切尔",
            "skill": 1,
            "skill_usage": 0
        },
        {
            "name": "斑点",
            "skill": 1,
            "skill_usage": 0
        },
        {
            "name": "安赛尔",
            "skill": 1,
            "skill_usage": 0
        }
    ]
}