{
    "minimum_required": "v4.0.0",
    "doc": {
        "title": "S5-8 棘刺+山乱杀",
        "details": "统计日期：2024-06-01\n好评率：60.0%  浏览量：504\n来源：一只摆烂的42  ID：21769\nhttps://www.bilibili.com/video/BV1Up4y147qP/\n均满练 练度可适度降低\n有问题联系制作者QQ2586582719"
    },
    "stage_name": "sub_05-4-2",
    "opers": [
        {
            "name": "棘刺",
            "skill": 3,
            "skill_usage": 1
        },
        {
            "name": "山",
            "skill": 2,
            "skill_usage": 2
        }
    ],
    "actions": [
        {
            "type": "二倍速",
            "name": ""
        },
        {
            "type": "部署",
            "name": "棘刺",
            "location": [
                5,
                6
            ],
            "direction": "上"
        },
        {
            "type": "部署",
            "name": "山",
            "location": [
                4,
                2
            ],
            "direction": "左"
        },
        {
            "type": "摆完挂机",
            "name": ""
        }
    ]
}