{
    "minimum_required": "v4.0.0",
    "stage_name": "main_04-02",
    "actions": [
        {
            "type": "SpeedUp"
        },
        {
            "type": "Deploy",
            "name": "山",
            "location": [
                7,
                2
            ],
            "direction": "Left"
        },
        {
            "type": "Deploy",
            "name": "奶盾",
            "location": [
                8,
                2
            ],
            "direction": "Left"
        },
        {
            "type": "SkillDaemon"
        }
    ],
    "doc": {
        "title": "第四章 急性衰竭 - 4-2 - 雨中漫步",
        "details": "统计日期：2024-06-01\n好评率：96.97%  浏览量：471\n来源：lssastar  ID：25125\nup:_黑摸仙小月_\n配置：2603，尽量专三且三模"
    },
    "groups": [
        {
            "name": "奶盾",
            "opers": [
                {
                    "name": "古米",
                    "skill": 1,
                    "skill_usage": 0
                },
                {
                    "name": "塞雷娅",
                    "skill": 1,
                    "skill_usage": 0
                }
            ]
        }
    ],
    "opers": [
        {
            "name": "山",
            "skill": 2,
            "skill_usage": 2
        }
    ],
    "difficulty": 3
}