{
    "minimum_required": "v4.0.0",
    "stage_name": "main_10-11",
    "actions": [
        {
            "type": "SpeedUp"
        },
        {
            "type": "Deploy",
            "name": "令",
            "location": [
                5,
                5
            ],
            "direction": "Up",
            "costs": 1
        },
        {
            "type": "Deploy",
            "name": "“弦惊”",
            "location": [
                7,
                3
            ],
            "direction": "Up",
            "costs": 18
        },
        {
            "type": "Deploy",
            "name": "“弦惊”",
            "location": [
                4,
                2
            ],
            "direction": "Up",
            "costs": 20
        },
        {
            "type": "Skill",
            "name": "令",
            "location": [
                5,
                5
            ],
            "costs": 2
        },
        {
            "type": "Deploy",
            "name": "“弦惊”",
            "location": [
                5,
                2
            ],
            "direction": "Left",
            "costs": 26
        },
        {
            "type": "Deploy",
            "name": "“弦惊”",
            "location": [
                8,
                3
            ],
            "direction": "Left",
            "costs": 28
        },
        {
            "type": "Deploy",
            "name": "“弦惊”",
            "location": [
                2,
                3
            ],
            "direction": "Left",
            "kills": 29
        },
        {
            "type": "SkillUsage",
            "name": "令",
            "skill_usage": 2
        },
        {
            "type": "Retreat",
            "name": "“弦惊”",
            "location": [
                7,
                3
            ],
            "costs": 64
        },
        {
            "type": "Deploy",
            "name": "“弦惊”",
            "location": [
                7,
                3
            ],
            "costs": 64,
            "direction": "Up"
        },
        {
            "type": "Deploy",
            "name": "“弦惊”",
            "location": [
                7,
                2
            ],
            "costs": 0,
            "direction": "Down"
        },
        {
            "type": "Skill",
            "name": "令",
            "location": [
                5,
                5
            ],
            "kills": 46
        },
        {
            "type": "Retreat",
            "name": "“弦惊”",
            "location": [
                2,
                3
            ],
            "kills": 46
        },
        {
            "type": "Deploy",
            "name": "“弦惊”",
            "location": [
                2,
                3
            ],
            "kills": 46,
            "direction": "Left"
        }
    ],
    "doc": {
        "title": "【破碎日冕】10-12 112秒 1人堵门 速刷 令",
        "details": "统计日期：2024-06-01\n好评率：89.39%  浏览量：2162\n来源：汐宝さん  ID：25475\n新最高研磨石【破碎日冕】10-12 112秒 1人堵门 速刷 令 信赖自律 明日方舟 220418\n作者：化学老施、毒炽\n视频链接：https://www.bilibili.com/video/BV1Z34y1v7aT/?spm_id_from=333.337.search-card.all.click&vd_source=1d9f937cf839eebf2c2a69fa764c3a7c\n\n不要带影响费用的干员（先锋德克萨斯）\n令 90级   专三三技能   满信赖   一潜能\n不要开自动编队\n标准磨难通用\n已经过数次测试暂未发现失误\n有问题私信B站号：河蟹Ein-albtraum \nUID：40016221"
    },
    "groups": [],
    "opers": [
        {
            "name": "令",
            "skill": 3,
            "skill_usage": 0
        }
    ]
}