{
    "minimum_required": "v4.0.0",
    "stage_name": "main_10-14",
    "actions": [
        {
            "type": "Deploy",
            "name": "桃金娘",
            "location": [
                3,
                5
            ],
            "direction": "Left"
        },
        {
            "type": "Deploy",
            "name": "德克萨斯",
            "location": [
                4,
                5
            ],
            "direction": "Up"
        },
        {
            "type": "Deploy",
            "name": "星熊",
            "location": [
                8,
                5
            ],
            "direction": "Up"
        },
        {
            "type": "Deploy",
            "name": "伊芙利特",
            "location": [
                3,
                4
            ],
            "direction": "Right"
        },
        {
            "type": "Deploy",
            "name": "棘刺",
            "location": [
                4,
                4
            ],
            "direction": "Right"
        },
        {
            "type": "SpeedUp"
        },
        {
            "type": "Deploy",
            "name": "纯烬艾雅法拉",
            "location": [
                6,
                3
            ],
            "direction": "Down"
        },
        {
            "type": "Deploy",
            "name": "夜莺",
            "location": [
                5,
                5
            ],
            "direction": "Right"
        },
        {
            "type": "SkillUsage",
            "name": "桃金娘",
            "skill_usage": 0
        },
        {
            "type": "SkillDaemon"
        }
    ],
    "doc": {
        "title": "第十章 破碎日冕 - 10-16（标准） - 血刃高悬 刷轻锰矿",
        "details": "统计日期：2024-06-01\n好评率：83.33%  浏览量：242\n来源：萨拉托加  ID：30567\n原作者：木木木木木_木子 JSON作者萨拉托加\n作业问题反馈群545928846，如果作业有问题可以加群找我，评论区不能及时回复\n【【破碎日冕】6人高配10-16 摆完挂机刷紫薯】 https://www.bilibili.com/video/BV1nU4y1e7Mp/?share_source=copy_web&vd_source=3fd5040fe25f6a00e19e6072bcccfa4e"
    },
    "groups": [],
    "opers": [
        {
            "name": "桃金娘",
            "skill": 1,
            "skill_usage": 1
        },
        {
            "name": "棘刺",
            "skill": 3,
            "skill_usage": 1
        },
        {
            "name": "夜莺",
            "skill": 2,
            "skill_usage": 0
        },
        {
            "name": "星熊",
            "skill": 2,
            "skill_usage": 0
        },
        {
            "name": "纯烬艾雅法拉",
            "skill": 1,
            "skill_usage": 0
        },
        {
            "name": "伊芙利特",
            "skill": 2,
            "skill_usage": 0
        },
        {
            "name": "德克萨斯",
            "skill": 1,
            "skill_usage": 0
        }
    ]
}