{
    "minimum_required": "v4.0.0",
    "stage_name": "hard_10-01",
    "actions": [
        {
            "type": "Deploy",
            "name": "桃金娘",
            "location": [
                1,
                1
            ],
            "direction": "Right"
        },
        {
            "type": "SpeedUp"
        },
        {
            "type": "Deploy",
            "name": "推进之王",
            "location": [
                1,
                7
            ],
            "direction": "Right"
        },
        {
            "type": "Deploy",
            "name": "山",
            "location": [
                10,
                1
            ],
            "direction": "Right"
        },
        {
            "type": "Deploy",
            "name": "伊芙利特",
            "location": [
                3,
                3
            ],
            "direction": "Down"
        },
        {
            "type": "Deploy",
            "name": "盾",
            "location": [
                4,
                5
            ],
            "direction": "Left",
            "doc_color": "Gray",
            "doc": "盾不可携带阻挡模组"
        },
        {
            "type": "Deploy",
            "name": "奶",
            "location": [
                7,
                4
            ],
            "direction": "Left"
        },
        {
            "type": "Deploy",
            "name": "纯烬艾雅法拉",
            "location": [
                4,
                2
            ],
            "direction": "Down"
        },
        {
            "type": "Deploy",
            "name": "泥岩",
            "location": [
                2,
                7
            ],
            "direction": "Right"
        },
        {
            "type": "Deploy",
            "name": "夜莺",
            "location": [
                8,
                2
            ],
            "direction": "Right"
        },
        {
            "type": "Deploy",
            "name": "艾雅法拉",
            "location": [
                10,
                3
            ],
            "direction": "Up"
        },
        {
            "type": "Retreat",
            "name": "桃金娘"
        },
        {
            "type": "Deploy",
            "name": "史尔特尔",
            "location": [
                3,
                5
            ],
            "direction": "Down",
            "kills": 20
        },
        {
            "type": "Deploy",
            "name": "推进之王",
            "location": [
                4,
                5
            ],
            "direction": "Left"
        }
    ],
    "doc": {
        "title": "第十章 破碎日冕 - H10-1（标准） - 日晕行动-1",
        "details": "作业更新日期: 2024-05-12T02:34:19Z\n统计更新日期: 2024-07-31\n好评率：90.0%  浏览量：1019\n来源：#邶风#  ID：37541\n视频作者：萧然Q\nhttps://www.bilibili.com/video/BV1VY4y1Y7NA\n自用修改自  maa://28421\n星熊换年，因为我没练她，由此加一些其他可替换干员。\n已进行测试，练度可以低很多。华法林30级无专精；纯艾30级专一；山等级不能太低否则前期扛不住。"
    },
    "groups": [
        {
            "name": "奶",
            "opers": [
                {
                    "skill_times": 1,
                    "name": "流明",
                    "skill": 3,
                    "skill_usage": 2
                },
                {
                    "name": "闪灵",
                    "skill": 2,
                    "skill_usage": 0
                },
                {
                    "name": "华法琳",
                    "skill": 1,
                    "skill_usage": 0
                }
            ]
        },
        {
            "name": "盾",
            "opers": [
                {
                    "name": "塞雷娅",
                    "skill": 1,
                    "skill_usage": 0
                },
                {
                    "name": "黍",
                    "skill": 1,
                    "skill_usage": 0
                },
                {
                    "name": "年",
                    "skill": 2,
                    "skill_usage": 0
                },
                {
                    "name": "星熊",
                    "skill": 2,
                    "skill_usage": 0
                }
            ]
        }
    ],
    "opers": [
        {
            "name": "桃金娘",
            "skill": 1,
            "skill_usage": 1
        },
        {
            "name": "山",
            "skill": 2,
            "skill_usage": 2
        },
        {
            "name": "夜莺",
            "skill": 2,
            "skill_usage": 0
        },
        {
            "name": "艾雅法拉",
            "skill": 2,
            "skill_usage": 0
        },
        {
            "name": "伊芙利特",
            "skill": 2,
            "skill_usage": 0
        },
        {
            "name": "史尔特尔",
            "skill": 3,
            "skill_usage": 1
        },
        {
            "name": "推进之王",
            "skill": 2,
            "skill_usage": 0
        },
        {
            "name": "纯烬艾雅法拉",
            "skill": 1,
            "skill_usage": 0
        },
        {
            "name": "泥岩",
            "skill": 2,
            "skill_usage": 0
        }
    ]
}