{
    "minimum_required": "v4.0.0",
    "stage_name": "hard_10-03",
    "actions": [
        {
            "type": "SpeedUp"
        },
        {
            "type": "Deploy",
            "name": "桃金娘",
            "location": [
                10,
                1
            ],
            "direction": "Down"
        },
        {
            "type": "Deploy",
            "name": "年",
            "location": [
                2,
                1
            ],
            "direction": "Right"
        },
        {
            "type": "Deploy",
            "name": "棘刺",
            "location": [
                10,
                5
            ],
            "direction": "Left"
        },
        {
            "type": "Deploy",
            "name": "能天使",
            "location": [
                9,
                4
            ],
            "direction": "Left"
        },
        {
            "type": "Deploy",
            "name": "闪灵",
            "location": [
                2,
                4
            ],
            "direction": "Up"
        },
        {
            "type": "Deploy",
            "name": "夜莺",
            "location": [
                11,
                4
            ],
            "direction": "Left"
        },
        {
            "type": "Deploy",
            "name": "W",
            "location": [
                2,
                5
            ],
            "direction": "Up"
        },
        {
            "type": "Retreat",
            "name": "闪灵",
            "location": [
                2,
                4
            ],
            "costs": 60
        },
        {
            "type": "Deploy",
            "name": "澄闪",
            "location": [
                2,
                4
            ],
            "direction": "Right"
        },
        {
            "type": "Deploy",
            "name": "塞雷娅",
            "location": [
                1,
                4
            ],
            "direction": "Up"
        },
        {
            "type": "SpeedUp",
            "kills": 22
        },
        {
            "type": "Retreat",
            "name": "年",
            "location": [
                2,
                1
            ]
        },
        {
            "type": "Deploy",
            "name": "泥岩",
            "location": [
                2,
                1
            ],
            "direction": "Right"
        },
        {
            "type": "SpeedUp"
        },
        {
            "type": "Deploy",
            "name": "老鲤",
            "location": [
                8,
                4
            ],
            "direction": "Left"
        },
        {
            "type": "Retreat",
            "name": "桃金娘",
            "location": [
                10,
                1
            ],
            "costs": 60
        },
        {
            "type": "Deploy",
            "name": "闪灵",
            "location": [
                11,
                5
            ],
            "direction": "Left"
        }
    ],
    "doc": {
        "title": "第十章 破碎日冕 - H10-3（标准） - 日晕行动-3（自用高配挂机，建议先看视频练度，我用2903过的）",
        "details": "统计日期：2024-06-01\n好评率：84.51%  浏览量：2901\n来源：流云星痕  ID：28236\n视频作者：NotminusOne\n视频链接：https://www.bilibili.com/video/BV1yF411M7Jb/\n（自测四次均过，平均2903，三级模组）"
    },
    "groups": [],
    "opers": [
        {
            "name": "能天使",
            "skill": 3,
            "skill_usage": 0
        },
        {
            "name": "泥岩",
            "skill": 2,
            "skill_usage": 0
        },
        {
            "name": "星熊",
            "skill": 2,
            "skill_usage": 0
        },
        {
            "name": "塞雷娅",
            "skill": 1,
            "skill_usage": 0
        },
        {
            "name": "澄闪",
            "skill": 2,
            "skill_usage": 0
        },
        {
            "name": "夜莺",
            "skill": 2,
            "skill_usage": 0
        },
        {
            "name": "闪灵",
            "skill": 2,
            "skill_usage": 0
        },
        {
            "name": "老鲤",
            "skill": 3,
            "skill_usage": 0
        },
        {
            "name": "桃金娘",
            "skill": 1,
            "skill_usage": 1
        },
        {
            "name": "年",
            "skill": 2,
            "skill_usage": 0
        },
        {
            "name": "W",
            "skill": 2,
            "skill_usage": 0
        },
        {
            "name": "棘刺",
            "skill": 3,
            "skill_usage": 1
        }
    ]
}