{
    "minimum_required": "v4.0.0",
    "stage_name": "main_01-11",
    "actions": [
        {
            "type": "Output",
            "doc_color": "Gray",
            "doc": "作战开始后手动点一下右上角的“跳过”。"
        },
        {
            "type": "Deploy",
            "name": "芬",
            "location": [
                3,
                3
            ],
            "direction": "Right",
            "costs": 22
        },
        {
            "type": "SpeedUp"
        },
        {
            "type": "Deploy",
            "name": "翎羽",
            "location": [
                4,
                3
            ],
            "direction": "Right"
        },
        {
            "type": "Deploy",
            "name": "安赛尔",
            "location": [
                3,
                2
            ],
            "direction": "Right"
        },
        {
            "type": "Deploy",
            "name": "史都华德",
            "location": [
                2,
                2
            ],
            "direction": "Right"
        },
        {
            "type": "Deploy",
            "name": "黑角",
            "location": [
                7,
                2
            ],
            "direction": "Right",
            "costs": 23
        },
        {
            "type": "Deploy",
            "name": "玫兰莎",
            "location": [
                6,
                2
            ],
            "direction": "Right"
        },
        {
            "type": "Deploy",
            "name": "米格鲁",
            "location": [
                3,
                1
            ],
            "direction": "Right"
        },
        {
            "type": "Deploy",
            "name": "炎熔",
            "location": [
                3,
                4
            ],
            "direction": "Right"
        },
        {
            "type": "Deploy",
            "name": "杰西卡",
            "location": [
                4,
                2
            ],
            "direction": "Right"
        }
    ],
    "doc": {
        "title": "第一章 黑暗时代·下 - 1-11 - 遗忘",
        "details": "作业更新日期: 2024-07-15T09:16:11Z\n统计更新日期: 2024-07-31\n好评率：97.62%  浏览量：1198\n来源：Hydrogina  ID：28058\n作者：Hydrogina\n1-11不消耗理智，用于完成“在主线关卡中歼灭5次敌方领袖”的周常任务。\n作战开始后手动点一下右上角的“跳过”。"
    },
    "groups": [],
    "opers": []
}