{
    "minimum_required": "v4.0.0",
    "stage_name": "main_01-12",
    "actions": [
        {
            "type": "SpeedUp"
        },
        {
            "type": "Deploy",
            "name": "克洛丝",
            "location": [
                7,
                5
            ],
            "direction": "Left"
        },
        {
            "type": "Deploy",
            "name": "夜刀",
            "location": [
                7,
                6
            ],
            "direction": "Left"
        },
        {
            "type": "Deploy",
            "name": "斑点",
            "location": [
                3,
                4
            ],
            "direction": "Right"
        },
        {
            "type": "Deploy",
            "name": "安赛尔",
            "location": [
                9,
                6
            ],
            "direction": "Left"
        },
        {
            "type": "Deploy",
            "name": "Lancet-2",
            "location": [
                1,
                3
            ],
            "direction": "Right"
        }
    ],
    "doc": {
        "title": "第一章 黑暗时代·下 - 1-12 - 代价",
        "details": "统计日期：2024-05-25\n好评率：60.0%  浏览量：210\n来源：lssastar  ID：25056\nup：瓦姬Official\nhttps://www.bilibili.com/video/BV1oD4y1k7cQ?p=12&vd_source=fd8b9ea07d5f816a8c60110ff6942394"
    },
    "groups": [],
    "opers": [
        {
            "name": "克洛丝",
            "skill": 1,
            "skill_usage": 0
        },
        {
            "name": "斑点",
            "skill": 1,
            "skill_usage": 1
        },
        {
            "name": "夜刀",
            "skill": 1,
            "skill_usage": 0
        },
        {
            "name": "安赛尔",
            "skill": 1,
            "skill_usage": 1
        },
        {
            "name": "Lancet-2",
            "skill": 1,
            "skill_usage": 0
        }
    ],
    "difficulty": 3
}