{
    "minimum_required": "v4.0.0",
    "stage_name": "main_01-03",
    "actions": [
        {
            "type": "SpeedUp"
        },
        {
            "type": "Deploy",
            "name": "黑角",
            "location": [
                1,
                1
            ],
            "direction": "Right"
        },
        {
            "type": "Deploy",
            "name": "克洛丝",
            "location": [
                2,
                2
            ],
            "direction": "Right"
        },
        {
            "type": "Deploy",
            "name": "泡普卡",
            "location": [
                1,
                5
            ],
            "direction": "Right"
        },
        {
            "type": "Deploy",
            "name": "12F",
            "location": [
                3,
                4
            ],
            "direction": "Down"
        }
    ],
    "doc": {
        "title": "第一章 黑暗时代·下 - 1-3 - 狂奔",
        "details": "作业更新日期: 2023-08-02T08:23:27Z\n统计更新日期: 2024-07-31\n好评率：100.0%  浏览量：218\n来源：lssastar  ID：25041\n【【明日方舟】主线第一章  黑暗时代  1-1 至 1-12 含突袭  【中低配/摆完挂机/简单好抄】攻略  合集】 https://www.bilibili.com/video/BV1oD4y1k7cQ/?p=3&share_source=copy_web&vd_source=4588d56afaff2f91ea8168bcfc7e2b30"
    },
    "groups": [],
    "opers": [
        {
            "name": "泡普卡",
            "skill": 1,
            "skill_usage": 1
        },
        {
            "name": "12F",
            "skill": 1,
            "skill_usage": 0
        },
        {
            "name": "克洛丝",
            "skill": 1,
            "skill_usage": 0
        },
        {
            "name": "黑角",
            "skill": 1,
            "skill_usage": 0
        }
    ],
    "difficulty": 2
}