{
    "minimum_required": "v4.0.0",
    "stage_name": "main_01-06",
    "actions": [
        {
            "type": "SpeedUp"
        },
        {
            "type": "Deploy",
            "name": "障碍物",
            "location": [
                3,
                3
            ],
            "direction": "None"
        },
        {
            "type": "Deploy",
            "name": "芬",
            "location": [
                5,
                3
            ],
            "direction": "Right"
        },
        {
            "type": "Deploy",
            "name": "克洛丝",
            "location": [
                5,
                2
            ],
            "direction": "Right"
        },
        {
            "type": "Deploy",
            "name": "芙蓉",
            "location": [
                5,
                4
            ],
            "direction": "Right"
        },
        {
            "type": "Deploy",
            "name": "炎熔",
            "location": [
                6,
                4
            ],
            "direction": "Up"
        },
        {
            "type": "Deploy",
            "name": "阿米娅",
            "location": [
                8,
                3
            ],
            "direction": "Left"
        },
        {
            "type": "Deploy",
            "name": "米格鲁",
            "location": [
                6,
                3
            ],
            "direction": "Right"
        },
        {
            "type": "SkillUsage",
            "name": "炎熔",
            "kills": 76,
            "skill_usage": 2
        },
        {
            "type": "SkillUsage",
            "name": "米格鲁",
            "skill_usage": 2
        },
        {
            "type": "SkillUsage",
            "name": "芙蓉",
            "skill_usage": 2
        },
        {
            "type": "SkillUsage",
            "name": "阿米娅",
            "skill_usage": 2
        },
        {
            "type": "SkillDaemon"
        }
    ],
    "doc": {
        "title": "第一章 黑暗时代·下 - 1-6 - 灾难 - 普通",
        "details": "作业更新日期: 2023-08-02T09:01:40Z\n统计更新日期: 2024-07-31\n好评率：100.0%  浏览量：204\n来源：lssastar  ID：25044\n搬运自_ 蘿卜卜，支持突袭\nBV1v8411Y7ed\nup：AnJek\n视频练度：全员10级\n后续作业搜索建议：标题“第一章”，关卡“1-X”"
    },
    "groups": [],
    "opers": [
        {
            "name": "阿米娅",
            "skill": 1,
            "skill_usage": 0
        },
        {
            "name": "芬",
            "skill": 1,
            "skill_usage": 0
        },
        {
            "name": "米格鲁",
            "skill": 1,
            "skill_usage": 0
        },
        {
            "name": "克洛丝",
            "skill": 1,
            "skill_usage": 0
        },
        {
            "name": "芙蓉",
            "skill": 1,
            "skill_usage": 0
        },
        {
            "name": "炎熔",
            "skill": 1,
            "skill_usage": 0
        }
    ],
    "difficulty": 3
}