{
    "minimum_required": "v4.0.0",
    "stage_name": "main_01-07",
    "actions": [
        {
            "type": "SpeedUp"
        },
        {
            "type": "Deploy",
            "name": "主要输出",
            "location": [
                1,
                3
            ],
            "direction": "Right"
        },
        {
            "type": "Deploy",
            "name": "浊心斯卡蒂",
            "location": [
                8,
                2
            ],
            "direction": "Left"
        },
        {
            "type": "Deploy",
            "name": "华法琳",
            "location": [
                6,
                4
            ],
            "direction": "Up"
        },
        {
            "type": "Deploy",
            "name": "塑心",
            "location": [
                8,
                4
            ],
            "direction": "Up"
        },
        {
            "type": "Deploy",
            "name": "白雪",
            "location": [
                7,
                2
            ],
            "direction": "Right"
        },
        {
            "type": "Skill",
            "name": "塑心",
            "kills": 31
        },
        {
            "type": "Skill",
            "name": "华法琳",
            "kills": 34
        },
        {
            "type": "Skill",
            "name": "白雪"
        },
        {
            "type": "SkillDaemon"
        }
    ],
    "doc": {
        "title": "第一章 黑暗时代·下 - 1-7 - 暴君 理论最快速刷",
        "details": "作业更新日期: 2024-01-10T05:21:34Z\n统计更新日期: 2024-07-31\n好评率：100.0%  浏览量：1015\n来源：萨拉托加  ID：31701\n白雪不需要精二七级技能即可\n为啥用白雪：白雪的飞轮能最快击杀最后一个虫子，别的干员需要抬手时间\nJSON作者萨拉托加\n作业交流群545928846，如果作业有问题可以加群找我，评论区不能及时回复，还可以去群里蹲我的新作业"
    },
    "groups": [
        {
            "name": "主要输出",
            "opers": [
                {
                    "name": "煌",
                    "skill": 2,
                    "skill_usage": 0
                },
                {
                    "name": "棘刺",
                    "skill": 3,
                    "skill_usage": 1
                },
                {
                    "name": "山",
                    "skill": 2,
                    "skill_usage": 2,
                    "skill_times": 1
                },
                {
                    "name": "圣约送葬人",
                    "skill": 3,
                    "skill_usage": 1
                }
            ]
        }
    ],
    "opers": [
        {
            "name": "白雪",
            "skill": 2,
            "skill_usage": 0
        },
        {
            "name": "浊心斯卡蒂",
            "skill": 2,
            "skill_usage": 0
        },
        {
            "name": "华法琳",
            "skill": 2,
            "skill_usage": 0
        },
        {
            "name": "塑心",
            "skill": 3,
            "skill_usage": 0
        }
    ],
    "difficulty": 1
}