{
    "minimum_required": "v4.0.0",
    "stage_name": "main_13-16",
    "actions": [
        {
            "type": "SpeedUp"
        },
        {
            "type": "Deploy",
            "name": "令",
            "location": [
                6,
                5
            ],
            "direction": "Left"
        },
        {
            "type": "Deploy",
            "name": "“弦惊”",
            "location": [
                10,
                4
            ],
            "direction": "Left"
        },
        {
            "type": "Skill",
            "cooling": 0,
            "name": "令",
            "location": [
                6,
                5
            ]
        },
        {
            "type": "Deploy",
            "name": "“弦惊”",
            "location": [
                3,
                1
            ],
            "direction": "Left"
        },
        {
            "type": "Skill",
            "name": "炸弹载荷点",
            "location": [
                10,
                3
            ],
            "costs": 10
        },
        {
            "type": "Deploy",
            "name": "夜刀",
            "location": [
                9,
                6
            ],
            "direction": "Left"
        },
        {
            "type": "Deploy",
            "name": "“弦惊”",
            "location": [
                9,
                4
            ],
            "direction": "Right",
            "kills": 12
        },
        {
            "type": "Retreat",
            "name": "夜刀",
            "location": [
                9,
                6
            ]
        },
        {
            "type": "Deploy",
            "name": "“弦惊”",
            "location": [
                5,
                4
            ],
            "costs": 26,
            "direction": "Left"
        },
        {
            "type": "SkillUsage",
            "name": "令",
            "skill_usage": 1
        },
        {
            "type": "Deploy",
            "name": "“弦惊”",
            "location": [
                4,
                1
            ],
            "direction": "Left"
        },
        {
            "type": "Skill",
            "name": "炸弹载荷点",
            "location": [
                7,
                2
            ]
        },
        {
            "type": "Deploy",
            "name": "夜刀",
            "location": [
                7,
                1
            ],
            "direction": "Left"
        },
        {
            "type": "Retreat",
            "name": "夜刀",
            "location": [
                7,
                1
            ],
            "costs": 23
        },
        {
            "type": "Deploy",
            "name": "“弦惊”",
            "location": [
                4,
                4
            ],
            "costs": 25,
            "direction": "Left"
        },
        {
            "type": "Deploy",
            "name": "“弦惊”",
            "location": [
                4,
                1
            ],
            "direction": "Left"
        },
        {
            "type": "Deploy",
            "name": "“弦惊”",
            "location": [
                5,
                1
            ],
            "direction": "Left"
        }
    ],
    "doc": {
        "title": "第十三章 恶兆湍流 - 13-18（标准） - 挺起胸膛 令单核",
        "details": "作业更新日期: 2024-01-29T03:39:44Z\n统计更新日期: 2024-07-31\n好评率：60.0%  浏览量：418\n来源：59    ID：32334\n令90级专3模组3级\nhttps://www.bilibili.com/video/BV1uN411b7Ce/"
    },
    "groups": [],
    "opers": [
        {
            "name": "令",
            "skill": 3,
            "skill_usage": 0
        },
        {
            "name": "夜刀",
            "skill": 1,
            "skill_usage": 0
        }
    ]
}