{
    "minimum_required": "v4.0.0",
    "stage_name": "tough_13-08",
    "actions": [
        {
            "type": "SpeedUp"
        },
        {
            "type": "Deploy",
            "name": "煌",
            "location": [
                8,
                3
            ],
            "direction": "Left"
        },
        {
            "type": "Deploy",
            "name": "纯烬艾雅法拉",
            "location": [
                9,
                4
            ],
            "direction": "Left"
        },
        {
            "type": "Deploy",
            "name": "棘刺",
            "location": [
                6,
                6
            ],
            "direction": "Up"
        },
        {
            "type": "Deploy",
            "name": "法师",
            "location": [
                3,
                1
            ],
            "direction": "Down"
        },
        {
            "type": "Deploy",
            "name": "艾雅法拉",
            "location": [
                7,
                5
            ],
            "direction": "Up"
        },
        {
            "type": "Deploy",
            "name": "山",
            "location": [
                9,
                3
            ],
            "direction": "Left"
        },
        {
            "type": "Skill",
            "name": "炸弹载荷点",
            "location": [
                5,
                6
            ],
            "costs": 10
        },
        {
            "type": "SkillDaemon",
            "doc": "有帮助的话 给个好评吧~",
            "doc_color": "#d63384"
        }
    ],
    "doc": {
        "title": "主线十三章 恶兆湍流 13-10（磨难） 萧然攻略",
        "details": "统计日期：2024-06-01\n好评率：96.67%  浏览量：22561\n来源：鱼丸不是鱼van  ID：28736\n这是磨难难度 普通难度地图不一样 别用磨难的打普通\n攻略作者：萧然Q BV1Hw411A7iG 记得去b站给萧然Q点赞三连\njson作者：鱼丸 评论区不解决maa问题\n已测试 有很小概率漏怪 最好开煌模组\n平均练度2603"
    },
    "groups": [
        {
            "name": "法师",
            "opers": [
                {
                    "name": "澄闪",
                    "skill": 2,
                    "skill_usage": 0
                },
                {
                    "name": "刻俄柏",
                    "skill": 1,
                    "skill_usage": 0
                }
            ]
        }
    ],
    "opers": [
        {
            "name": "艾雅法拉",
            "skill": 2,
            "skill_usage": 0
        },
        {
            "name": "纯烬艾雅法拉",
            "skill": 1,
            "skill_usage": 0
        },
        {
            "name": "棘刺",
            "skill": 3,
            "skill_usage": 1
        },
        {
            "name": "煌",
            "skill": 2,
            "skill_usage": 0
        },
        {
            "name": "山",
            "skill": 2,
            "skill_usage": 2
        }
    ]
}