{
    "minimum_required": "v4.0.0",
    "stage_name": "main_11-05",
    "actions": [
        {
            "type": "SpeedUp"
        },
        {
            "type": "Deploy",
            "name": "能天使",
            "location": [
                7,
                2
            ],
            "direction": "Left"
        },
        {
            "type": "Deploy",
            "name": "浊心斯卡蒂",
            "location": [
                6,
                2
            ],
            "direction": "Right"
        },
        {
            "type": "Deploy",
            "name": "煌",
            "location": [
                6,
                3
            ],
            "direction": "Left"
        },
        {
            "type": "Deploy",
            "name": "林",
            "location": [
                5,
                2
            ],
            "direction": "Left"
        }
    ],
    "doc": {
        "title": "林 模组任务  主线11-6（标准）",
        "details": "统计日期：2024-06-01\n好评率：91.89%  浏览量：1964\n来源：xf22cn@qq.com  ID：22469\nUP主：侬无言以对\n视频：https://www.bilibili.com/video/BV1fM4y1y7Ek/"
    },
    "groups": [],
    "opers": [
        {
            "name": "能天使",
            "skill": 3,
            "skill_usage": 0
        },
        {
            "name": "煌",
            "skill": 2,
            "skill_usage": 0
        },
        {
            "name": "林",
            "skill": 2,
            "skill_usage": 1
        },
        {
            "name": "浊心斯卡蒂",
            "skill": 2,
            "skill_usage": 0
        }
    ]
}