{
    "minimum_required": "v4.0.0",
    "stage_name": "main_06-15",
    "actions": [
        {
            "doc": "Amiya saying",
            "type": "Output",
            "post_delay": 3000
        },
        {
            "type": "SpeedUp",
            "post_delay": 5000
        },
        {
            "doc": "Amiya saying 2",
            "type": "SpeedUp",
            "post_delay": 8500
        },
        {
            "doc": "Blaze saying",
            "type": "SpeedUp",
            "post_delay": 7500
        },
        {
            "doc": "Greythroat saying",
            "type": "SpeedUp",
            "post_delay": 1000
        },
        {
            "doc": "battle",
            "type": "SpeedUp",
            "post_delay": 20000
        },
        {
            "type": "SpeedUp",
            "post_delay": 1000
        },
        {
            "type": "SpeedUp",
            "post_delay": 1000
        },
        {
            "type": "SkillDaemon"
        }
    ],
    "doc": {
        "title": "6-17 冬逝",
        "details": "统计日期：2024-06-01\n好评率：87.5%  浏览量：190\n来源：ManicSteiner  ID：32614\n这样的作业有什么存在的必要么（恼）\n或许可以速刷作战次数的日常任务（大嘘）\n不需要自动编队"
    },
    "groups": [],
    "opers": []
}