{
    "minimum_required": "v4.0.0",
    "stage_name": "hard_06-02",
    "actions": [
        {
            "type": "SpeedUp"
        },
        {
            "type": "Deploy",
            "name": "能天使",
            "location": [
                7,
                3
            ],
            "direction": "Left"
        },
        {
            "type": "Deploy",
            "name": "铃兰",
            "location": [
                5,
                3
            ],
            "direction": "Right"
        },
        {
            "type": "Deploy",
            "name": "伊芙利特",
            "location": [
                6,
                1
            ],
            "direction": "Down"
        },
        {
            "type": "Deploy",
            "name": "塞雷娅",
            "location": [
                7,
                4
            ],
            "direction": "Left"
        },
        {
            "type": "SkillDaemon"
        }
    ],
    "doc": {
        "title": "第六章 局部坏死 - H6-2 - 冰狱行动-2",
        "details": "统计日期：2024-06-01\n好评率：88.35%  浏览量：2408\n来源：_ 蘿卜卜  ID：22280\nBV1j44y1a7xo\nup：无名山下小莉莉\n视频练度：270(?)\n已测试"
    },
    "groups": [],
    "opers": [
        {
            "name": "塞雷娅",
            "skill": 1,
            "skill_usage": 0
        },
        {
            "name": "能天使",
            "skill": 3,
            "skill_usage": 0
        },
        {
            "name": "伊芙利特",
            "skill": 2,
            "skill_usage": 0
        },
        {
            "name": "铃兰",
            "skill": 2,
            "skill_usage": 0
        }
    ]
}