{
    "minimum_required": "v4.0.0",
    "actions": [
        {
            "type": "SpeedUp"
        },
        {
            "type": "Deploy",
            "name": "煌",
            "location": [
                5,
                5
            ],
            "direction": "Left"
        },
        {
            "type": "Deploy",
            "name": "夜莺",
            "location": [
                7,
                4
            ],
            "direction": "Left"
        },
        {
            "type": "Output",
            "doc_color": "#6f42c1",
            "doc": "给个好评吧，亲~"
        }
    ],
    "doc": {
        "title": "夜莺模组摆完挂机-“封闭的希望”",
        "details": "统计日期：2024-06-01\n好评率：100.0%  浏览量：1114\n来源：作业代传——有问题联系原作者  ID：20993\n侬无言以对模组任务摆完挂机合集:BV1wU4y177Qu\n3星通关主题曲3-6；必须编入非助战夜莺并上场，且使用10次法术护盾\n筱竹聽雨"
    },
    "groups": [],
    "opers": [
        {
            "name": "夜莺",
            "skill": 2,
            "skill_usage": 0
        },
        {
            "name": "煌",
            "skill": 2,
            "skill_usage": 0
        }
    ],
    "stage_name": "main_03-06"
}